[0.000000] (-) TimerEvent: {}
[0.000262] (robotarm_fake_hardware) JobQueued: {'identifier': 'robotarm_fake_hardware', 'dependencies': OrderedDict()}
[0.000443] (robotarm_hardware) JobQueued: {'identifier': 'robotarm_hardware', 'dependencies': OrderedDict()}
[0.000470] (robotarm_software) JobQueued: {'identifier': 'robotarm_software', 'dependencies': OrderedDict({'robotarm_hardware': '/home/admin/robotarm/install/robotarm_hardware'})}
[0.000498] (robotarm_moveit_config) JobQueued: {'identifier': 'robotarm_moveit_config', 'dependencies': OrderedDict({'robotarm_hardware': '/home/admin/robotarm/install/robotarm_hardware', 'robotarm_software': '/home/admin/robotarm/install/robotarm_software'})}
[0.000813] (robotarm_hardware) JobStarted: {'identifier': 'robotarm_hardware'}
[0.028402] (robotarm_fake_hardware) JobStarted: {'identifier': 'robotarm_fake_hardware'}
[0.037542] (robotarm_hardware) JobProgress: {'identifier': 'robotarm_hardware', 'progress': 'cmake'}
[0.038216] (robotarm_hardware) Command: {'cmd': ['/usr/bin/cmake', '/home/admin/robotarm/ROS_WS/src/robotarm_hardware', '-DCMAKE_INSTALL_PREFIX=/home/admin/robotarm/install/robotarm_hardware'], 'cwd': '/home/admin/robotarm/build/robotarm_hardware', 'env': OrderedDict({'LESSOPEN': '| /usr/bin/lesspipe %s', 'USER': 'admin', 'SSH_CLIENT': '192.168.137.1 57569 22', 'GZ_CONFIG_PATH': '/opt/ros/jazzy/opt/sdformat_vendor/share/gz', 'XDG_SESSION_TYPE': 'tty', 'SHLVL': '1', 'LD_LIBRARY_PATH': '/home/admin/robotarm/ROS_WS/install/robotarm_hardware/lib:/home/admin/robotarm/ROS_WS/install/robotarm_fake_hardware/lib:/home/admin/robotarm/ROS_WS/install/adi_4dof_ik_kinematics_plugin/lib:/opt/ros/jazzy/opt/sdformat_vendor/lib:/opt/ros/jazzy/opt/rviz_ogre_vendor/lib:/opt/ros/jazzy/lib/aarch64-linux-gnu:/opt/ros/jazzy/opt/gz_math_vendor/lib:/opt/ros/jazzy/opt/gz_utils_vendor/lib:/opt/ros/jazzy/opt/gz_tools_vendor/lib:/opt/ros/jazzy/opt/gz_cmake_vendor/lib:/opt/ros/jazzy/lib', 'HOME': '/home/admin', 'OLDPWD': '/home/admin', 'SSH_TTY': '/dev/pts/0', 'ROS_PYTHON_VERSION': '3', 'DBUS_SESSION_BUS_ADDRESS': 'unix:path=/run/user/1000/bus', 'COLCON_PREFIX_PATH': '/home/admin/robotarm/ROS_WS/install', 'ROS_DISTRO': 'jazzy', 'LOGNAME': 'admin', '_': '/usr/bin/colcon', 'ROS_VERSION': '2', 'XDG_SESSION_CLASS': 'user', 'TERM': 'xterm-256color', 'XDG_SESSION_ID': '1', 'PATH': '/opt/ros/jazzy/opt/gz_tools_vendor/bin:/opt/ros/jazzy/bin:/usr/local/sbin:/usr/local/bin:/usr/sbin:/usr/bin:/sbin:/bin:/usr/games:/usr/local/games:/snap/bin', 'XDG_RUNTIME_DIR': '/run/user/1000', 'LANG': 'en_US.UTF-8', 'LS_COLORS': 'rs=0:di=01;34:ln=01;36:mh=00:pi=40;33:so=01;35:do=01;35:bd=40;33;01:cd=40;33;01:or=40;31;01:mi=00:su=37;41:sg=30;43:ca=00:tw=30;42:ow=34;42:st=37;44:ex=01;32:*.tar=01;31:*.tgz=01;31:*.arc=01;31:*.arj=01;31:*.taz=01;31:*.lha=01;31:*.lz4=01;31:*.lzh=01;31:*.lzma=01;31:*.tlz=01;31:*.txz=01;31:*.tzo=01;31:*.t7z=01;31:*.zip=01;31:*.z=01;31:*.dz=01;31:*.gz=01;31:*.lrz=01;31:*.lz=01;31:*.lzo=01;31:*.xz=01;31:*.zst=01;31:*.tzst=01;31:*.bz2=01;31:*.bz=01;31:*.tbz=01;31:*.tbz2=01;31:*.tz=01;31:*.deb=01;31:*.rpm=01;31:*.jar=01;31:*.war=01;31:*.ear=01;31:*.sar=01;31:*.rar=01;31:*.alz=01;31:*.ace=01;31:*.zoo=01;31:*.cpio=01;31:*.7z=01;31:*.rz=01;31:*.cab=01;31:*.wim=01;31:*.swm=01;31:*.dwm=01;31:*.esd=01;31:*.avif=01;35:*.jpg=01;35:*.jpeg=01;35:*.mjpg=01;35:*.mjpeg=01;35:*.gif=01;35:*.bmp=01;35:*.pbm=01;35:*.pgm=01;35:*.ppm=01;35:*.tga=01;35:*.xbm=01;35:*.xpm=01;35:*.tif=01;35:*.tiff=01;35:*.png=01;35:*.svg=01;35:*.svgz=01;35:*.mng=01;35:*.pcx=01;35:*.mov=01;35:*.mpg=01;35:*.mpeg=01;35:*.m2v=01;35:*.mkv=01;35:*.webm=01;35:*.webp=01;35:*.ogm=01;35:*.mp4=01;35:*.m4v=01;35:*.mp4v=01;35:*.vob=01;35:*.qt=01;35:*.nuv=01;35:*.wmv=01;35:*.asf=01;35:*.rm=01;35:*.rmvb=01;35:*.flc=01;35:*.avi=01;35:*.fli=01;35:*.flv=01;35:*.gl=01;35:*.dl=01;35:*.xcf=01;35:*.xwd=01;35:*.yuv=01;35:*.cgm=01;35:*.emf=01;35:*.ogv=01;35:*.ogx=01;35:*.aac=00;36:*.au=00;36:*.flac=00;36:*.m4a=00;36:*.mid=00;36:*.midi=00;36:*.mka=00;36:*.mp3=00;36:*.mpc=00;36:*.ogg=00;36:*.ra=00;36:*.wav=00;36:*.oga=00;36:*.opus=00;36:*.spx=00;36:*.xspf=00;36:*~=00;90:*#=00;90:*.bak=00;90:*.crdownload=00;90:*.dpkg-dist=00;90:*.dpkg-new=00;90:*.dpkg-old=00;90:*.dpkg-tmp=00;90:*.old=00;90:*.orig=00;90:*.part=00;90:*.rej=00;90:*.rpmnew=00;90:*.rpmorig=00;90:*.rpmsave=00;90:*.swp=00;90:*.tmp=00;90:*.ucf-dist=00;90:*.ucf-new=00;90:*.ucf-old=00;90:', 'AMENT_PREFIX_PATH': '/home/admin/robotarm/ROS_WS/install/vision_tracker:/home/admin/robotarm/ROS_WS/install/robotarm_path_planning:/home/admin/robotarm/ROS_WS/install/robotarm_moveit_config:/home/admin/robotarm/ROS_WS/install/robotarm_software:/home/admin/robotarm/ROS_WS/install/robotarm_hardware:/home/admin/robotarm/ROS_WS/install/robotarm_fake_hardware:/home/admin/robotarm/ROS_WS/install/robot_moveit_config:/home/admin/robotarm/ROS_WS/install/point_motion:/home/admin/robotarm/ROS_WS/install/moveit_3dof:/home/admin/robotarm/ROS_WS/install/adi_tmcm_bb4:/home/admin/robotarm/ROS_WS/install/adi_robotarm_moveit_config:/home/admin/robotarm/ROS_WS/install/adi_robotarm:/home/admin/robotarm/ROS_WS/install/adi_4dof_ik:/home/admin/robotarm/ROS_WS/install/adi_4dof_ik_kinematics_plugin:/home/admin/robotarm/ROS_WS/install/adi_4dof_endeffector_xyz:/opt/ros/jazzy', 'SHELL': '/bin/bash', 'LESSCLOSE': '/usr/bin/lesspipe %s %s', 'ROS_AUTOMATIC_DISCOVERY_RANGE': 'SUBNET', 'PWD': '/home/admin/robotarm/build/robotarm_hardware', 'LC_ALL': 'en_US.UTF-8', 'SSH_CONNECTION': '192.168.137.1 57569 192.168.137.2 22', 'XDG_DATA_DIRS': '/usr/local/share:/usr/share:/var/lib/snapd/desktop', 'PYTHONPATH': '/home/admin/robotarm/ROS_WS/install/vision_tracker/lib/python3.12/site-packages:/home/admin/robotarm/ROS_WS/install/robotarm_software/lib/python3.12/site-packages:/opt/ros/jazzy/lib/python3.12/site-packages', 'COLCON': '1', 'CMAKE_PREFIX_PATH': '/home/admin/robotarm/ROS_WS/install/robotarm_path_planning:/home/admin/robotarm/ROS_WS/install/robotarm_moveit_config:/home/admin/robotarm/ROS_WS/install/robotarm_software:/home/admin/robotarm/ROS_WS/install/robotarm_hardware:/home/admin/robotarm/ROS_WS/install/robotarm_fake_hardware:/home/admin/robotarm/ROS_WS/install/robot_moveit_config:/home/admin/robotarm/ROS_WS/install/point_motion:/home/admin/robotarm/ROS_WS/install/moveit_3dof:/home/admin/robotarm/ROS_WS/install/adi_tmcm_bb4:/home/admin/robotarm/ROS_WS/install/adi_robotarm_moveit_config:/home/admin/robotarm/ROS_WS/install/adi_robotarm:/home/admin/robotarm/ROS_WS/install/adi_4dof_ik:/home/admin/robotarm/ROS_WS/install/adi_4dof_ik_kinematics_plugin:/home/admin/robotarm/ROS_WS/install/adi_4dof_endeffector_xyz:/opt/ros/jazzy/opt/sdformat_vendor:/opt/ros/jazzy/opt/gz_math_vendor:/opt/ros/jazzy/opt/gz_utils_vendor:/opt/ros/jazzy/opt/gz_tools_vendor:/opt/ros/jazzy/opt/gz_cmake_vendor:/home/admin/robotarm/ROS_WS/install/vision_tracker:/opt/ros/jazzy'}), 'shell': False}
[0.044861] (robotarm_fake_hardware) JobProgress: {'identifier': 'robotarm_fake_hardware', 'progress': 'cmake'}
[0.046322] (robotarm_fake_hardware) Command: {'cmd': ['/usr/bin/cmake', '/home/admin/robotarm/ROS_WS/src/robotarm_fake_hardware', '-DCMAKE_INSTALL_PREFIX=/home/admin/robotarm/install/robotarm_fake_hardware'], 'cwd': '/home/admin/robotarm/build/robotarm_fake_hardware', 'env': OrderedDict({'LESSOPEN': '| /usr/bin/lesspipe %s', 'USER': 'admin', 'SSH_CLIENT': '192.168.137.1 57569 22', 'GZ_CONFIG_PATH': '/opt/ros/jazzy/opt/sdformat_vendor/share/gz', 'XDG_SESSION_TYPE': 'tty', 'SHLVL': '1', 'LD_LIBRARY_PATH': '/home/admin/robotarm/ROS_WS/install/robotarm_hardware/lib:/home/admin/robotarm/ROS_WS/install/robotarm_fake_hardware/lib:/home/admin/robotarm/ROS_WS/install/adi_4dof_ik_kinematics_plugin/lib:/opt/ros/jazzy/opt/sdformat_vendor/lib:/opt/ros/jazzy/opt/rviz_ogre_vendor/lib:/opt/ros/jazzy/lib/aarch64-linux-gnu:/opt/ros/jazzy/opt/gz_math_vendor/lib:/opt/ros/jazzy/opt/gz_utils_vendor/lib:/opt/ros/jazzy/opt/gz_tools_vendor/lib:/opt/ros/jazzy/opt/gz_cmake_vendor/lib:/opt/ros/jazzy/lib', 'HOME': '/home/admin', 'OLDPWD': '/home/admin', 'SSH_TTY': '/dev/pts/0', 'ROS_PYTHON_VERSION': '3', 'DBUS_SESSION_BUS_ADDRESS': 'unix:path=/run/user/1000/bus', 'COLCON_PREFIX_PATH': '/home/admin/robotarm/ROS_WS/install', 'ROS_DISTRO': 'jazzy', 'LOGNAME': 'admin', '_': '/usr/bin/colcon', 'ROS_VERSION': '2', 'XDG_SESSION_CLASS': 'user', 'TERM': 'xterm-256color', 'XDG_SESSION_ID': '1', 'PATH': '/opt/ros/jazzy/opt/gz_tools_vendor/bin:/opt/ros/jazzy/bin:/usr/local/sbin:/usr/local/bin:/usr/sbin:/usr/bin:/sbin:/bin:/usr/games:/usr/local/games:/snap/bin', 'XDG_RUNTIME_DIR': '/run/user/1000', 'LANG': 'en_US.UTF-8', 'LS_COLORS': 'rs=0:di=01;34:ln=01;36:mh=00:pi=40;33:so=01;35:do=01;35:bd=40;33;01:cd=40;33;01:or=40;31;01:mi=00:su=37;41:sg=30;43:ca=00:tw=30;42:ow=34;42:st=37;44:ex=01;32:*.tar=01;31:*.tgz=01;31:*.arc=01;31:*.arj=01;31:*.taz=01;31:*.lha=01;31:*.lz4=01;31:*.lzh=01;31:*.lzma=01;31:*.tlz=01;31:*.txz=01;31:*.tzo=01;31:*.t7z=01;31:*.zip=01;31:*.z=01;31:*.dz=01;31:*.gz=01;31:*.lrz=01;31:*.lz=01;31:*.lzo=01;31:*.xz=01;31:*.zst=01;31:*.tzst=01;31:*.bz2=01;31:*.bz=01;31:*.tbz=01;31:*.tbz2=01;31:*.tz=01;31:*.deb=01;31:*.rpm=01;31:*.jar=01;31:*.war=01;31:*.ear=01;31:*.sar=01;31:*.rar=01;31:*.alz=01;31:*.ace=01;31:*.zoo=01;31:*.cpio=01;31:*.7z=01;31:*.rz=01;31:*.cab=01;31:*.wim=01;31:*.swm=01;31:*.dwm=01;31:*.esd=01;31:*.avif=01;35:*.jpg=01;35:*.jpeg=01;35:*.mjpg=01;35:*.mjpeg=01;35:*.gif=01;35:*.bmp=01;35:*.pbm=01;35:*.pgm=01;35:*.ppm=01;35:*.tga=01;35:*.xbm=01;35:*.xpm=01;35:*.tif=01;35:*.tiff=01;35:*.png=01;35:*.svg=01;35:*.svgz=01;35:*.mng=01;35:*.pcx=01;35:*.mov=01;35:*.mpg=01;35:*.mpeg=01;35:*.m2v=01;35:*.mkv=01;35:*.webm=01;35:*.webp=01;35:*.ogm=01;35:*.mp4=01;35:*.m4v=01;35:*.mp4v=01;35:*.vob=01;35:*.qt=01;35:*.nuv=01;35:*.wmv=01;35:*.asf=01;35:*.rm=01;35:*.rmvb=01;35:*.flc=01;35:*.avi=01;35:*.fli=01;35:*.flv=01;35:*.gl=01;35:*.dl=01;35:*.xcf=01;35:*.xwd=01;35:*.yuv=01;35:*.cgm=01;35:*.emf=01;35:*.ogv=01;35:*.ogx=01;35:*.aac=00;36:*.au=00;36:*.flac=00;36:*.m4a=00;36:*.mid=00;36:*.midi=00;36:*.mka=00;36:*.mp3=00;36:*.mpc=00;36:*.ogg=00;36:*.ra=00;36:*.wav=00;36:*.oga=00;36:*.opus=00;36:*.spx=00;36:*.xspf=00;36:*~=00;90:*#=00;90:*.bak=00;90:*.crdownload=00;90:*.dpkg-dist=00;90:*.dpkg-new=00;90:*.dpkg-old=00;90:*.dpkg-tmp=00;90:*.old=00;90:*.orig=00;90:*.part=00;90:*.rej=00;90:*.rpmnew=00;90:*.rpmorig=00;90:*.rpmsave=00;90:*.swp=00;90:*.tmp=00;90:*.ucf-dist=00;90:*.ucf-new=00;90:*.ucf-old=00;90:', 'AMENT_PREFIX_PATH': '/home/admin/robotarm/ROS_WS/install/vision_tracker:/home/admin/robotarm/ROS_WS/install/robotarm_path_planning:/home/admin/robotarm/ROS_WS/install/robotarm_moveit_config:/home/admin/robotarm/ROS_WS/install/robotarm_software:/home/admin/robotarm/ROS_WS/install/robotarm_hardware:/home/admin/robotarm/ROS_WS/install/robotarm_fake_hardware:/home/admin/robotarm/ROS_WS/install/robot_moveit_config:/home/admin/robotarm/ROS_WS/install/point_motion:/home/admin/robotarm/ROS_WS/install/moveit_3dof:/home/admin/robotarm/ROS_WS/install/adi_tmcm_bb4:/home/admin/robotarm/ROS_WS/install/adi_robotarm_moveit_config:/home/admin/robotarm/ROS_WS/install/adi_robotarm:/home/admin/robotarm/ROS_WS/install/adi_4dof_ik:/home/admin/robotarm/ROS_WS/install/adi_4dof_ik_kinematics_plugin:/home/admin/robotarm/ROS_WS/install/adi_4dof_endeffector_xyz:/opt/ros/jazzy', 'SHELL': '/bin/bash', 'LESSCLOSE': '/usr/bin/lesspipe %s %s', 'ROS_AUTOMATIC_DISCOVERY_RANGE': 'SUBNET', 'PWD': '/home/admin/robotarm/build/robotarm_fake_hardware', 'LC_ALL': 'en_US.UTF-8', 'SSH_CONNECTION': '192.168.137.1 57569 192.168.137.2 22', 'XDG_DATA_DIRS': '/usr/local/share:/usr/share:/var/lib/snapd/desktop', 'PYTHONPATH': '/home/admin/robotarm/ROS_WS/install/vision_tracker/lib/python3.12/site-packages:/home/admin/robotarm/ROS_WS/install/robotarm_software/lib/python3.12/site-packages:/opt/ros/jazzy/lib/python3.12/site-packages', 'COLCON': '1', 'CMAKE_PREFIX_PATH': '/home/admin/robotarm/ROS_WS/install/robotarm_path_planning:/home/admin/robotarm/ROS_WS/install/robotarm_moveit_config:/home/admin/robotarm/ROS_WS/install/robotarm_software:/home/admin/robotarm/ROS_WS/install/robotarm_hardware:/home/admin/robotarm/ROS_WS/install/robotarm_fake_hardware:/home/admin/robotarm/ROS_WS/install/robot_moveit_config:/home/admin/robotarm/ROS_WS/install/point_motion:/home/admin/robotarm/ROS_WS/install/moveit_3dof:/home/admin/robotarm/ROS_WS/install/adi_tmcm_bb4:/home/admin/robotarm/ROS_WS/install/adi_robotarm_moveit_config:/home/admin/robotarm/ROS_WS/install/adi_robotarm:/home/admin/robotarm/ROS_WS/install/adi_4dof_ik:/home/admin/robotarm/ROS_WS/install/adi_4dof_ik_kinematics_plugin:/home/admin/robotarm/ROS_WS/install/adi_4dof_endeffector_xyz:/opt/ros/jazzy/opt/sdformat_vendor:/opt/ros/jazzy/opt/gz_math_vendor:/opt/ros/jazzy/opt/gz_utils_vendor:/opt/ros/jazzy/opt/gz_tools_vendor:/opt/ros/jazzy/opt/gz_cmake_vendor:/home/admin/robotarm/ROS_WS/install/vision_tracker:/opt/ros/jazzy'}), 'shell': False}
[0.099700] (-) TimerEvent: {}
[0.200148] (-) TimerEvent: {}
[0.300558] (-) TimerEvent: {}
[0.400931] (-) TimerEvent: {}
[0.501313] (-) TimerEvent: {}
[0.601721] (-) TimerEvent: {}
[0.702143] (-) TimerEvent: {}
[0.802547] (-) TimerEvent: {}
[0.902972] (-) TimerEvent: {}
[0.987860] (robotarm_fake_hardware) StdoutLine: {'line': b'-- The C compiler identification is GNU 13.3.0\n'}
[0.988314] (robotarm_hardware) StdoutLine: {'line': b'-- The C compiler identification is GNU 13.3.0\n'}
[1.003109] (-) TimerEvent: {}
[1.103507] (-) TimerEvent: {}
[1.203914] (-) TimerEvent: {}
[1.304326] (-) TimerEvent: {}
[1.404747] (-) TimerEvent: {}
[1.503434] (robotarm_hardware) StdoutLine: {'line': b'-- The CXX compiler identification is GNU 13.3.0\n'}
[1.504252] (robotarm_fake_hardware) StdoutLine: {'line': b'-- The CXX compiler identification is GNU 13.3.0\n'}
[1.504816] (-) TimerEvent: {}
[1.552175] (robotarm_fake_hardware) StdoutLine: {'line': b'-- Detecting C compiler ABI info\n'}
[1.552540] (robotarm_hardware) StdoutLine: {'line': b'-- Detecting C compiler ABI info\n'}
[1.604955] (-) TimerEvent: {}
[1.705438] (-) TimerEvent: {}
[1.803436] (robotarm_hardware) StdoutLine: {'line': b'-- Detecting C compiler ABI info - done\n'}
[1.803688] (robotarm_fake_hardware) StdoutLine: {'line': b'-- Detecting C compiler ABI info - done\n'}
[1.805497] (-) TimerEvent: {}
[1.818189] (robotarm_fake_hardware) StdoutLine: {'line': b'-- Check for working C compiler: /usr/bin/cc - skipped\n'}
[1.818586] (robotarm_hardware) StdoutLine: {'line': b'-- Check for working C compiler: /usr/bin/cc - skipped\n'}
[1.819467] (robotarm_hardware) StdoutLine: {'line': b'-- Detecting C compile features\n'}
[1.819607] (robotarm_fake_hardware) StdoutLine: {'line': b'-- Detecting C compile features\n'}
[1.820741] (robotarm_fake_hardware) StdoutLine: {'line': b'-- Detecting C compile features - done\n'}
[1.820883] (robotarm_hardware) StdoutLine: {'line': b'-- Detecting C compile features - done\n'}
[1.839740] (robotarm_hardware) StdoutLine: {'line': b'-- Detecting CXX compiler ABI info\n'}
[1.840187] (robotarm_fake_hardware) StdoutLine: {'line': b'-- Detecting CXX compiler ABI info\n'}
[1.905660] (-) TimerEvent: {}
[2.006195] (-) TimerEvent: {}
[2.059200] (robotarm_fake_hardware) StdoutLine: {'line': b'-- Detecting CXX compiler ABI info - done\n'}
[2.059958] (robotarm_hardware) StdoutLine: {'line': b'-- Detecting CXX compiler ABI info - done\n'}
[2.073951] (robotarm_fake_hardware) StdoutLine: {'line': b'-- Check for working CXX compiler: /usr/bin/c++ - skipped\n'}
[2.074401] (robotarm_fake_hardware) StdoutLine: {'line': b'-- Detecting CXX compile features\n'}
[2.075189] (robotarm_hardware) StdoutLine: {'line': b'-- Check for working CXX compiler: /usr/bin/c++ - skipped\n'}
[2.075400] (robotarm_fake_hardware) StdoutLine: {'line': b'-- Detecting CXX compile features - done\n'}
[2.075660] (robotarm_hardware) StdoutLine: {'line': b'-- Detecting CXX compile features\n'}
[2.076445] (robotarm_hardware) StdoutLine: {'line': b'-- Detecting CXX compile features - done\n'}
[2.101639] (robotarm_fake_hardware) StdoutLine: {'line': b'-- Found ament_cmake: 2.5.6 (/opt/ros/jazzy/share/ament_cmake/cmake)\n'}
[2.101967] (robotarm_hardware) StdoutLine: {'line': b'-- Found ament_cmake: 2.5.6 (/opt/ros/jazzy/share/ament_cmake/cmake)\n'}
[2.106251] (-) TimerEvent: {}
[2.206596] (-) TimerEvent: {}
[2.307166] (-) TimerEvent: {}
[2.407577] (-) TimerEvent: {}
[2.427040] (robotarm_hardware) StdoutLine: {'line': b'-- Found Python3: /usr/bin/python3 (found version "3.12.3") found components: Interpreter \n'}
[2.428962] (robotarm_fake_hardware) StdoutLine: {'line': b'-- Found Python3: /usr/bin/python3 (found version "3.12.3") found components: Interpreter \n'}
[2.507728] (-) TimerEvent: {}
[2.608332] (-) TimerEvent: {}
[2.708833] (-) TimerEvent: {}
[2.748878] (robotarm_fake_hardware) StdoutLine: {'line': b'-- Found hardware_interface: 4.44.0 (/opt/ros/jazzy/share/hardware_interface/cmake)\n'}
[2.749189] (robotarm_hardware) StdoutLine: {'line': b'-- Found hardware_interface: 4.44.0 (/opt/ros/jazzy/share/hardware_interface/cmake)\n'}
[2.808921] (-) TimerEvent: {}
[2.909281] (-) TimerEvent: {}
[2.917458] (robotarm_hardware) StdoutLine: {'line': b'-- Found rosidl_generator_c: 4.6.7 (/opt/ros/jazzy/share/rosidl_generator_c/cmake)\n'}
[2.917715] (robotarm_fake_hardware) StdoutLine: {'line': b'-- Found rosidl_generator_c: 4.6.7 (/opt/ros/jazzy/share/rosidl_generator_c/cmake)\n'}
[2.960978] (robotarm_fake_hardware) StdoutLine: {'line': b'-- Found rosidl_generator_cpp: 4.6.7 (/opt/ros/jazzy/share/rosidl_generator_cpp/cmake)\n'}
[2.961238] (robotarm_hardware) StdoutLine: {'line': b'-- Found rosidl_generator_cpp: 4.6.7 (/opt/ros/jazzy/share/rosidl_generator_cpp/cmake)\n'}
[3.009399] (-) TimerEvent: {}
[3.036796] (robotarm_fake_hardware) StdoutLine: {'line': b'-- Using all available rosidl_typesupport_c: rosidl_typesupport_fastrtps_c;rosidl_typesupport_introspection_c\n'}
[3.037892] (robotarm_hardware) StdoutLine: {'line': b'-- Using all available rosidl_typesupport_c: rosidl_typesupport_fastrtps_c;rosidl_typesupport_introspection_c\n'}
[3.099526] (robotarm_fake_hardware) StdoutLine: {'line': b'-- Using all available rosidl_typesupport_cpp: rosidl_typesupport_fastrtps_cpp;rosidl_typesupport_introspection_cpp\n'}
[3.099871] (robotarm_hardware) StdoutLine: {'line': b'-- Using all available rosidl_typesupport_cpp: rosidl_typesupport_fastrtps_cpp;rosidl_typesupport_introspection_cpp\n'}
[3.109499] (-) TimerEvent: {}
[3.209804] (-) TimerEvent: {}
[3.310186] (-) TimerEvent: {}
[3.410533] (-) TimerEvent: {}
[3.510906] (-) TimerEvent: {}
[3.611287] (-) TimerEvent: {}
[3.689794] (robotarm_hardware) StdoutLine: {'line': b'-- Found TinyXML2 via Config file: /usr/lib/aarch64-linux-gnu/cmake/tinyxml2\n'}
[3.690110] (robotarm_fake_hardware) StdoutLine: {'line': b'-- Found TinyXML2 via Config file: /usr/lib/aarch64-linux-gnu/cmake/tinyxml2\n'}
[3.711372] (-) TimerEvent: {}
[3.811696] (-) TimerEvent: {}
[3.827133] (robotarm_fake_hardware) StdoutLine: {'line': b'-- Found rmw_implementation_cmake: 7.3.3 (/opt/ros/jazzy/share/rmw_implementation_cmake/cmake)\n'}
[3.827426] (robotarm_hardware) StdoutLine: {'line': b'-- Found rmw_implementation_cmake: 7.3.3 (/opt/ros/jazzy/share/rmw_implementation_cmake/cmake)\n'}
[3.841036] (robotarm_hardware) StdoutLine: {'line': b'-- Found rmw_fastrtps_cpp: 8.4.3 (/opt/ros/jazzy/share/rmw_fastrtps_cpp/cmake)\n'}
[3.841268] (robotarm_fake_hardware) StdoutLine: {'line': b'-- Found rmw_fastrtps_cpp: 8.4.3 (/opt/ros/jazzy/share/rmw_fastrtps_cpp/cmake)\n'}
[3.911803] (-) TimerEvent: {}
[3.924272] (robotarm_hardware) StdoutLine: {'line': b'-- Found TinyXML2 via Config file: /usr/lib/aarch64-linux-gnu/cmake/tinyxml2\n'}
[3.924544] (robotarm_fake_hardware) StdoutLine: {'line': b'-- Found TinyXML2 via Config file: /usr/lib/aarch64-linux-gnu/cmake/tinyxml2\n'}
[4.011966] (-) TimerEvent: {}
[4.084287] (robotarm_fake_hardware) StdoutLine: {'line': b'-- Found OpenSSL: /usr/lib/aarch64-linux-gnu/libcrypto.so (found version "3.0.13")  \n'}
[4.084960] (robotarm_hardware) StdoutLine: {'line': b'-- Found OpenSSL: /usr/lib/aarch64-linux-gnu/libcrypto.so (found version "3.0.13")  \n'}
[4.093668] (robotarm_fake_hardware) StdoutLine: {'line': b'-- Found TinyXML2 via Config file: /usr/lib/aarch64-linux-gnu/cmake/tinyxml2\n'}
[4.093911] (robotarm_hardware) StdoutLine: {'line': b'-- Found TinyXML2 via Config file: /usr/lib/aarch64-linux-gnu/cmake/tinyxml2\n'}
[4.112117] (-) TimerEvent: {}
[4.119107] (robotarm_hardware) StdoutLine: {'line': b'-- Found FastRTPS: /opt/ros/jazzy/include (Required is at least version "2.13") \n'}
[4.119433] (robotarm_fake_hardware) StdoutLine: {'line': b'-- Found FastRTPS: /opt/ros/jazzy/include (Required is at least version "2.13") \n'}
[4.124716] (robotarm_fake_hardware) StdoutLine: {'line': b'-- Found TinyXML2 via Config file: /usr/lib/aarch64-linux-gnu/cmake/tinyxml2\n'}
[4.125028] (robotarm_hardware) StdoutLine: {'line': b'-- Found TinyXML2 via Config file: /usr/lib/aarch64-linux-gnu/cmake/tinyxml2\n'}
[4.139525] (robotarm_fake_hardware) StdoutLine: {'line': b'-- Found TinyXML2 via Config file: /usr/lib/aarch64-linux-gnu/cmake/tinyxml2\n'}
[4.140031] (robotarm_hardware) StdoutLine: {'line': b'-- Found TinyXML2 via Config file: /usr/lib/aarch64-linux-gnu/cmake/tinyxml2\n'}
[4.159205] (robotarm_hardware) StdoutLine: {'line': b"-- Using RMW implementation 'rmw_fastrtps_cpp' as default\n"}
[4.159494] (robotarm_fake_hardware) StdoutLine: {'line': b"-- Using RMW implementation 'rmw_fastrtps_cpp' as default\n"}
[4.212200] (-) TimerEvent: {}
[4.312613] (-) TimerEvent: {}
[4.413065] (-) TimerEvent: {}
[4.513498] (-) TimerEvent: {}
[4.614042] (-) TimerEvent: {}
[4.714531] (-) TimerEvent: {}
[4.815010] (-) TimerEvent: {}
[4.915418] (-) TimerEvent: {}
[5.015791] (-) TimerEvent: {}
[5.116185] (-) TimerEvent: {}
[5.152243] (robotarm_hardware) StdoutLine: {'line': b'-- Configuring done (4.8s)\n'}
[5.157651] (robotarm_fake_hardware) StdoutLine: {'line': b'-- Configuring done (4.8s)\n'}
[5.216279] (-) TimerEvent: {}
[5.242717] (robotarm_fake_hardware) StdoutLine: {'line': b'-- Generating done (0.1s)\n'}
[5.243002] (robotarm_hardware) StdoutLine: {'line': b'-- Generating done (0.1s)\n'}
[5.250992] (robotarm_fake_hardware) StdoutLine: {'line': b'-- Build files have been written to: /home/admin/robotarm/build/robotarm_fake_hardware\n'}
[5.251261] (robotarm_hardware) StdoutLine: {'line': b'-- Build files have been written to: /home/admin/robotarm/build/robotarm_hardware\n'}
[5.293375] (robotarm_hardware) CommandEnded: {'returncode': 0}
[5.294088] (robotarm_hardware) JobProgress: {'identifier': 'robotarm_hardware', 'progress': 'build'}
[5.294897] (robotarm_hardware) Command: {'cmd': ['/usr/bin/cmake', '--build', '/home/admin/robotarm/build/robotarm_hardware', '--', '-j4', '-l4'], 'cwd': '/home/admin/robotarm/build/robotarm_hardware', 'env': OrderedDict({'LESSOPEN': '| /usr/bin/lesspipe %s', 'USER': 'admin', 'SSH_CLIENT': '192.168.137.1 57569 22', 'GZ_CONFIG_PATH': '/opt/ros/jazzy/opt/sdformat_vendor/share/gz', 'XDG_SESSION_TYPE': 'tty', 'SHLVL': '1', 'LD_LIBRARY_PATH': '/home/admin/robotarm/ROS_WS/install/robotarm_hardware/lib:/home/admin/robotarm/ROS_WS/install/robotarm_fake_hardware/lib:/home/admin/robotarm/ROS_WS/install/adi_4dof_ik_kinematics_plugin/lib:/opt/ros/jazzy/opt/sdformat_vendor/lib:/opt/ros/jazzy/opt/rviz_ogre_vendor/lib:/opt/ros/jazzy/lib/aarch64-linux-gnu:/opt/ros/jazzy/opt/gz_math_vendor/lib:/opt/ros/jazzy/opt/gz_utils_vendor/lib:/opt/ros/jazzy/opt/gz_tools_vendor/lib:/opt/ros/jazzy/opt/gz_cmake_vendor/lib:/opt/ros/jazzy/lib', 'HOME': '/home/admin', 'OLDPWD': '/home/admin', 'SSH_TTY': '/dev/pts/0', 'ROS_PYTHON_VERSION': '3', 'DBUS_SESSION_BUS_ADDRESS': 'unix:path=/run/user/1000/bus', 'COLCON_PREFIX_PATH': '/home/admin/robotarm/ROS_WS/install', 'ROS_DISTRO': 'jazzy', 'LOGNAME': 'admin', '_': '/usr/bin/colcon', 'ROS_VERSION': '2', 'XDG_SESSION_CLASS': 'user', 'TERM': 'xterm-256color', 'XDG_SESSION_ID': '1', 'PATH': '/opt/ros/jazzy/opt/gz_tools_vendor/bin:/opt/ros/jazzy/bin:/usr/local/sbin:/usr/local/bin:/usr/sbin:/usr/bin:/sbin:/bin:/usr/games:/usr/local/games:/snap/bin', 'XDG_RUNTIME_DIR': '/run/user/1000', 'LANG': 'en_US.UTF-8', 'LS_COLORS': 'rs=0:di=01;34:ln=01;36:mh=00:pi=40;33:so=01;35:do=01;35:bd=40;33;01:cd=40;33;01:or=40;31;01:mi=00:su=37;41:sg=30;43:ca=00:tw=30;42:ow=34;42:st=37;44:ex=01;32:*.tar=01;31:*.tgz=01;31:*.arc=01;31:*.arj=01;31:*.taz=01;31:*.lha=01;31:*.lz4=01;31:*.lzh=01;31:*.lzma=01;31:*.tlz=01;31:*.txz=01;31:*.tzo=01;31:*.t7z=01;31:*.zip=01;31:*.z=01;31:*.dz=01;31:*.gz=01;31:*.lrz=01;31:*.lz=01;31:*.lzo=01;31:*.xz=01;31:*.zst=01;31:*.tzst=01;31:*.bz2=01;31:*.bz=01;31:*.tbz=01;31:*.tbz2=01;31:*.tz=01;31:*.deb=01;31:*.rpm=01;31:*.jar=01;31:*.war=01;31:*.ear=01;31:*.sar=01;31:*.rar=01;31:*.alz=01;31:*.ace=01;31:*.zoo=01;31:*.cpio=01;31:*.7z=01;31:*.rz=01;31:*.cab=01;31:*.wim=01;31:*.swm=01;31:*.dwm=01;31:*.esd=01;31:*.avif=01;35:*.jpg=01;35:*.jpeg=01;35:*.mjpg=01;35:*.mjpeg=01;35:*.gif=01;35:*.bmp=01;35:*.pbm=01;35:*.pgm=01;35:*.ppm=01;35:*.tga=01;35:*.xbm=01;35:*.xpm=01;35:*.tif=01;35:*.tiff=01;35:*.png=01;35:*.svg=01;35:*.svgz=01;35:*.mng=01;35:*.pcx=01;35:*.mov=01;35:*.mpg=01;35:*.mpeg=01;35:*.m2v=01;35:*.mkv=01;35:*.webm=01;35:*.webp=01;35:*.ogm=01;35:*.mp4=01;35:*.m4v=01;35:*.mp4v=01;35:*.vob=01;35:*.qt=01;35:*.nuv=01;35:*.wmv=01;35:*.asf=01;35:*.rm=01;35:*.rmvb=01;35:*.flc=01;35:*.avi=01;35:*.fli=01;35:*.flv=01;35:*.gl=01;35:*.dl=01;35:*.xcf=01;35:*.xwd=01;35:*.yuv=01;35:*.cgm=01;35:*.emf=01;35:*.ogv=01;35:*.ogx=01;35:*.aac=00;36:*.au=00;36:*.flac=00;36:*.m4a=00;36:*.mid=00;36:*.midi=00;36:*.mka=00;36:*.mp3=00;36:*.mpc=00;36:*.ogg=00;36:*.ra=00;36:*.wav=00;36:*.oga=00;36:*.opus=00;36:*.spx=00;36:*.xspf=00;36:*~=00;90:*#=00;90:*.bak=00;90:*.crdownload=00;90:*.dpkg-dist=00;90:*.dpkg-new=00;90:*.dpkg-old=00;90:*.dpkg-tmp=00;90:*.old=00;90:*.orig=00;90:*.part=00;90:*.rej=00;90:*.rpmnew=00;90:*.rpmorig=00;90:*.rpmsave=00;90:*.swp=00;90:*.tmp=00;90:*.ucf-dist=00;90:*.ucf-new=00;90:*.ucf-old=00;90:', 'AMENT_PREFIX_PATH': '/home/admin/robotarm/ROS_WS/install/vision_tracker:/home/admin/robotarm/ROS_WS/install/robotarm_path_planning:/home/admin/robotarm/ROS_WS/install/robotarm_moveit_config:/home/admin/robotarm/ROS_WS/install/robotarm_software:/home/admin/robotarm/ROS_WS/install/robotarm_hardware:/home/admin/robotarm/ROS_WS/install/robotarm_fake_hardware:/home/admin/robotarm/ROS_WS/install/robot_moveit_config:/home/admin/robotarm/ROS_WS/install/point_motion:/home/admin/robotarm/ROS_WS/install/moveit_3dof:/home/admin/robotarm/ROS_WS/install/adi_tmcm_bb4:/home/admin/robotarm/ROS_WS/install/adi_robotarm_moveit_config:/home/admin/robotarm/ROS_WS/install/adi_robotarm:/home/admin/robotarm/ROS_WS/install/adi_4dof_ik:/home/admin/robotarm/ROS_WS/install/adi_4dof_ik_kinematics_plugin:/home/admin/robotarm/ROS_WS/install/adi_4dof_endeffector_xyz:/opt/ros/jazzy', 'SHELL': '/bin/bash', 'LESSCLOSE': '/usr/bin/lesspipe %s %s', 'ROS_AUTOMATIC_DISCOVERY_RANGE': 'SUBNET', 'PWD': '/home/admin/robotarm/build/robotarm_hardware', 'LC_ALL': 'en_US.UTF-8', 'SSH_CONNECTION': '192.168.137.1 57569 192.168.137.2 22', 'XDG_DATA_DIRS': '/usr/local/share:/usr/share:/var/lib/snapd/desktop', 'PYTHONPATH': '/home/admin/robotarm/ROS_WS/install/vision_tracker/lib/python3.12/site-packages:/home/admin/robotarm/ROS_WS/install/robotarm_software/lib/python3.12/site-packages:/opt/ros/jazzy/lib/python3.12/site-packages', 'COLCON': '1', 'CMAKE_PREFIX_PATH': '/home/admin/robotarm/ROS_WS/install/robotarm_path_planning:/home/admin/robotarm/ROS_WS/install/robotarm_moveit_config:/home/admin/robotarm/ROS_WS/install/robotarm_software:/home/admin/robotarm/ROS_WS/install/robotarm_hardware:/home/admin/robotarm/ROS_WS/install/robotarm_fake_hardware:/home/admin/robotarm/ROS_WS/install/robot_moveit_config:/home/admin/robotarm/ROS_WS/install/point_motion:/home/admin/robotarm/ROS_WS/install/moveit_3dof:/home/admin/robotarm/ROS_WS/install/adi_tmcm_bb4:/home/admin/robotarm/ROS_WS/install/adi_robotarm_moveit_config:/home/admin/robotarm/ROS_WS/install/adi_robotarm:/home/admin/robotarm/ROS_WS/install/adi_4dof_ik:/home/admin/robotarm/ROS_WS/install/adi_4dof_ik_kinematics_plugin:/home/admin/robotarm/ROS_WS/install/adi_4dof_endeffector_xyz:/opt/ros/jazzy/opt/sdformat_vendor:/opt/ros/jazzy/opt/gz_math_vendor:/opt/ros/jazzy/opt/gz_utils_vendor:/opt/ros/jazzy/opt/gz_tools_vendor:/opt/ros/jazzy/opt/gz_cmake_vendor:/home/admin/robotarm/ROS_WS/install/vision_tracker:/opt/ros/jazzy'}), 'shell': False}
[5.296596] (robotarm_fake_hardware) CommandEnded: {'returncode': 0}
[5.297159] (robotarm_fake_hardware) JobProgress: {'identifier': 'robotarm_fake_hardware', 'progress': 'build'}
[5.297509] (robotarm_fake_hardware) Command: {'cmd': ['/usr/bin/cmake', '--build', '/home/admin/robotarm/build/robotarm_fake_hardware', '--', '-j4', '-l4'], 'cwd': '/home/admin/robotarm/build/robotarm_fake_hardware', 'env': OrderedDict({'LESSOPEN': '| /usr/bin/lesspipe %s', 'USER': 'admin', 'SSH_CLIENT': '192.168.137.1 57569 22', 'GZ_CONFIG_PATH': '/opt/ros/jazzy/opt/sdformat_vendor/share/gz', 'XDG_SESSION_TYPE': 'tty', 'SHLVL': '1', 'LD_LIBRARY_PATH': '/home/admin/robotarm/ROS_WS/install/robotarm_hardware/lib:/home/admin/robotarm/ROS_WS/install/robotarm_fake_hardware/lib:/home/admin/robotarm/ROS_WS/install/adi_4dof_ik_kinematics_plugin/lib:/opt/ros/jazzy/opt/sdformat_vendor/lib:/opt/ros/jazzy/opt/rviz_ogre_vendor/lib:/opt/ros/jazzy/lib/aarch64-linux-gnu:/opt/ros/jazzy/opt/gz_math_vendor/lib:/opt/ros/jazzy/opt/gz_utils_vendor/lib:/opt/ros/jazzy/opt/gz_tools_vendor/lib:/opt/ros/jazzy/opt/gz_cmake_vendor/lib:/opt/ros/jazzy/lib', 'HOME': '/home/admin', 'OLDPWD': '/home/admin', 'SSH_TTY': '/dev/pts/0', 'ROS_PYTHON_VERSION': '3', 'DBUS_SESSION_BUS_ADDRESS': 'unix:path=/run/user/1000/bus', 'COLCON_PREFIX_PATH': '/home/admin/robotarm/ROS_WS/install', 'ROS_DISTRO': 'jazzy', 'LOGNAME': 'admin', '_': '/usr/bin/colcon', 'ROS_VERSION': '2', 'XDG_SESSION_CLASS': 'user', 'TERM': 'xterm-256color', 'XDG_SESSION_ID': '1', 'PATH': '/opt/ros/jazzy/opt/gz_tools_vendor/bin:/opt/ros/jazzy/bin:/usr/local/sbin:/usr/local/bin:/usr/sbin:/usr/bin:/sbin:/bin:/usr/games:/usr/local/games:/snap/bin', 'XDG_RUNTIME_DIR': '/run/user/1000', 'LANG': 'en_US.UTF-8', 'LS_COLORS': 'rs=0:di=01;34:ln=01;36:mh=00:pi=40;33:so=01;35:do=01;35:bd=40;33;01:cd=40;33;01:or=40;31;01:mi=00:su=37;41:sg=30;43:ca=00:tw=30;42:ow=34;42:st=37;44:ex=01;32:*.tar=01;31:*.tgz=01;31:*.arc=01;31:*.arj=01;31:*.taz=01;31:*.lha=01;31:*.lz4=01;31:*.lzh=01;31:*.lzma=01;31:*.tlz=01;31:*.txz=01;31:*.tzo=01;31:*.t7z=01;31:*.zip=01;31:*.z=01;31:*.dz=01;31:*.gz=01;31:*.lrz=01;31:*.lz=01;31:*.lzo=01;31:*.xz=01;31:*.zst=01;31:*.tzst=01;31:*.bz2=01;31:*.bz=01;31:*.tbz=01;31:*.tbz2=01;31:*.tz=01;31:*.deb=01;31:*.rpm=01;31:*.jar=01;31:*.war=01;31:*.ear=01;31:*.sar=01;31:*.rar=01;31:*.alz=01;31:*.ace=01;31:*.zoo=01;31:*.cpio=01;31:*.7z=01;31:*.rz=01;31:*.cab=01;31:*.wim=01;31:*.swm=01;31:*.dwm=01;31:*.esd=01;31:*.avif=01;35:*.jpg=01;35:*.jpeg=01;35:*.mjpg=01;35:*.mjpeg=01;35:*.gif=01;35:*.bmp=01;35:*.pbm=01;35:*.pgm=01;35:*.ppm=01;35:*.tga=01;35:*.xbm=01;35:*.xpm=01;35:*.tif=01;35:*.tiff=01;35:*.png=01;35:*.svg=01;35:*.svgz=01;35:*.mng=01;35:*.pcx=01;35:*.mov=01;35:*.mpg=01;35:*.mpeg=01;35:*.m2v=01;35:*.mkv=01;35:*.webm=01;35:*.webp=01;35:*.ogm=01;35:*.mp4=01;35:*.m4v=01;35:*.mp4v=01;35:*.vob=01;35:*.qt=01;35:*.nuv=01;35:*.wmv=01;35:*.asf=01;35:*.rm=01;35:*.rmvb=01;35:*.flc=01;35:*.avi=01;35:*.fli=01;35:*.flv=01;35:*.gl=01;35:*.dl=01;35:*.xcf=01;35:*.xwd=01;35:*.yuv=01;35:*.cgm=01;35:*.emf=01;35:*.ogv=01;35:*.ogx=01;35:*.aac=00;36:*.au=00;36:*.flac=00;36:*.m4a=00;36:*.mid=00;36:*.midi=00;36:*.mka=00;36:*.mp3=00;36:*.mpc=00;36:*.ogg=00;36:*.ra=00;36:*.wav=00;36:*.oga=00;36:*.opus=00;36:*.spx=00;36:*.xspf=00;36:*~=00;90:*#=00;90:*.bak=00;90:*.crdownload=00;90:*.dpkg-dist=00;90:*.dpkg-new=00;90:*.dpkg-old=00;90:*.dpkg-tmp=00;90:*.old=00;90:*.orig=00;90:*.part=00;90:*.rej=00;90:*.rpmnew=00;90:*.rpmorig=00;90:*.rpmsave=00;90:*.swp=00;90:*.tmp=00;90:*.ucf-dist=00;90:*.ucf-new=00;90:*.ucf-old=00;90:', 'AMENT_PREFIX_PATH': '/home/admin/robotarm/ROS_WS/install/vision_tracker:/home/admin/robotarm/ROS_WS/install/robotarm_path_planning:/home/admin/robotarm/ROS_WS/install/robotarm_moveit_config:/home/admin/robotarm/ROS_WS/install/robotarm_software:/home/admin/robotarm/ROS_WS/install/robotarm_hardware:/home/admin/robotarm/ROS_WS/install/robotarm_fake_hardware:/home/admin/robotarm/ROS_WS/install/robot_moveit_config:/home/admin/robotarm/ROS_WS/install/point_motion:/home/admin/robotarm/ROS_WS/install/moveit_3dof:/home/admin/robotarm/ROS_WS/install/adi_tmcm_bb4:/home/admin/robotarm/ROS_WS/install/adi_robotarm_moveit_config:/home/admin/robotarm/ROS_WS/install/adi_robotarm:/home/admin/robotarm/ROS_WS/install/adi_4dof_ik:/home/admin/robotarm/ROS_WS/install/adi_4dof_ik_kinematics_plugin:/home/admin/robotarm/ROS_WS/install/adi_4dof_endeffector_xyz:/opt/ros/jazzy', 'SHELL': '/bin/bash', 'LESSCLOSE': '/usr/bin/lesspipe %s %s', 'ROS_AUTOMATIC_DISCOVERY_RANGE': 'SUBNET', 'PWD': '/home/admin/robotarm/build/robotarm_fake_hardware', 'LC_ALL': 'en_US.UTF-8', 'SSH_CONNECTION': '192.168.137.1 57569 192.168.137.2 22', 'XDG_DATA_DIRS': '/usr/local/share:/usr/share:/var/lib/snapd/desktop', 'PYTHONPATH': '/home/admin/robotarm/ROS_WS/install/vision_tracker/lib/python3.12/site-packages:/home/admin/robotarm/ROS_WS/install/robotarm_software/lib/python3.12/site-packages:/opt/ros/jazzy/lib/python3.12/site-packages', 'COLCON': '1', 'CMAKE_PREFIX_PATH': '/home/admin/robotarm/ROS_WS/install/robotarm_path_planning:/home/admin/robotarm/ROS_WS/install/robotarm_moveit_config:/home/admin/robotarm/ROS_WS/install/robotarm_software:/home/admin/robotarm/ROS_WS/install/robotarm_hardware:/home/admin/robotarm/ROS_WS/install/robotarm_fake_hardware:/home/admin/robotarm/ROS_WS/install/robot_moveit_config:/home/admin/robotarm/ROS_WS/install/point_motion:/home/admin/robotarm/ROS_WS/install/moveit_3dof:/home/admin/robotarm/ROS_WS/install/adi_tmcm_bb4:/home/admin/robotarm/ROS_WS/install/adi_robotarm_moveit_config:/home/admin/robotarm/ROS_WS/install/adi_robotarm:/home/admin/robotarm/ROS_WS/install/adi_4dof_ik:/home/admin/robotarm/ROS_WS/install/adi_4dof_ik_kinematics_plugin:/home/admin/robotarm/ROS_WS/install/adi_4dof_endeffector_xyz:/opt/ros/jazzy/opt/sdformat_vendor:/opt/ros/jazzy/opt/gz_math_vendor:/opt/ros/jazzy/opt/gz_utils_vendor:/opt/ros/jazzy/opt/gz_tools_vendor:/opt/ros/jazzy/opt/gz_cmake_vendor:/home/admin/robotarm/ROS_WS/install/vision_tracker:/opt/ros/jazzy'}), 'shell': False}
[5.316453] (-) TimerEvent: {}
[5.395028] (robotarm_fake_hardware) StdoutLine: {'line': b'[ 50%] \x1b[32mBuilding CXX object CMakeFiles/robotarm_fake_hardware.dir/src/velocity_fake_system.cpp.o\x1b[0m\n'}
[5.395420] (robotarm_hardware) StdoutLine: {'line': b'[ 50%] \x1b[32mBuilding CXX object CMakeFiles/robotarm_hardware.dir/src/robotarm_system.cpp.o\x1b[0m\n'}
[5.416591] (-) TimerEvent: {}
[5.517151] (-) TimerEvent: {}
[5.617574] (-) TimerEvent: {}
[5.717933] (-) TimerEvent: {}
[5.818314] (-) TimerEvent: {}
[5.918709] (-) TimerEvent: {}
[6.019094] (-) TimerEvent: {}
[6.119443] (-) TimerEvent: {}
[6.219802] (-) TimerEvent: {}
[6.320155] (-) TimerEvent: {}
[6.420561] (-) TimerEvent: {}
[6.520959] (-) TimerEvent: {}
[6.621494] (-) TimerEvent: {}
[6.721981] (-) TimerEvent: {}
[6.822472] (-) TimerEvent: {}
[6.923021] (-) TimerEvent: {}
[7.023617] (-) TimerEvent: {}
[7.124390] (-) TimerEvent: {}
[7.224819] (-) TimerEvent: {}
[7.325372] (-) TimerEvent: {}
[7.425900] (-) TimerEvent: {}
[7.526453] (-) TimerEvent: {}
[7.626983] (-) TimerEvent: {}
[7.727572] (-) TimerEvent: {}
[7.827960] (-) TimerEvent: {}
[7.928361] (-) TimerEvent: {}
[8.028763] (-) TimerEvent: {}
[8.129204] (-) TimerEvent: {}
[8.229628] (-) TimerEvent: {}
[8.330065] (-) TimerEvent: {}
[8.430456] (-) TimerEvent: {}
[8.530862] (-) TimerEvent: {}
[8.631391] (-) TimerEvent: {}
[8.731809] (-) TimerEvent: {}
[8.832203] (-) TimerEvent: {}
[8.932587] (-) TimerEvent: {}
[9.033102] (-) TimerEvent: {}
[9.133507] (-) TimerEvent: {}
[9.234044] (-) TimerEvent: {}
[9.334473] (-) TimerEvent: {}
[9.434885] (-) TimerEvent: {}
[9.535310] (-) TimerEvent: {}
[9.635725] (-) TimerEvent: {}
[9.736142] (-) TimerEvent: {}
[9.836672] (-) TimerEvent: {}
[9.937117] (-) TimerEvent: {}
[10.037493] (-) TimerEvent: {}
[10.137866] (-) TimerEvent: {}
[10.238206] (-) TimerEvent: {}
[10.338573] (-) TimerEvent: {}
[10.438961] (-) TimerEvent: {}
[10.462772] (robotarm_fake_hardware) StderrLine: {'line': b'\x1b[01m\x1b[K/home/admin/robotarm/ROS_WS/src/robotarm_fake_hardware/src/velocity_fake_system.cpp:\x1b[m\x1b[K In member function \xe2\x80\x98\x1b[01m\x1b[Kvirtual hardware_interface::CallbackReturn robotarm_fake_hardware::VelocityFakeSystem::\x1b[01;32m\x1b[Kon_init\x1b[m\x1b[K(const hardware_interface::HardwareInfo&)\x1b[m\x1b[K\xe2\x80\x99:\n'}
[10.463172] (robotarm_fake_hardware) StderrLine: {'line': b'\x1b[01m\x1b[K/home/admin/robotarm/ROS_WS/src/robotarm_fake_hardware/src/velocity_fake_system.cpp:12:51:\x1b[m\x1b[K \x1b[01;35m\x1b[Kwarning: \x1b[m\x1b[K\xe2\x80\x98\x1b[01m\x1b[Kvirtual rclcpp_lifecycle::node_interfaces::LifecycleNodeInterface::CallbackReturn hardware_interface::HardwareComponentInterface::\x1b[01;32m\x1b[Kon_init\x1b[m\x1b[K(const hardware_interface::HardwareInfo&)\x1b[m\x1b[K\xe2\x80\x99 is deprecated: Use on_init(const HardwareComponentInterfaceParams & params) instead. [\x1b[01;35m\x1b[K\x1b]8;;https://gcc.gnu.org/onlinedocs/gcc/Warning-Options.html#index-Wdeprecated-declarations\x07-Wdeprecated-declarations\x1b]8;;\x07\x1b[m\x1b[K]\n'}
[10.463323] (robotarm_fake_hardware) StderrLine: {'line': b'   12 |   if (\x1b[01;35m\x1b[Khardware_interface::SystemInterface::on_init(info)\x1b[m\x1b[K !=\n'}
[10.463426] (robotarm_fake_hardware) StderrLine: {'line': b'      |       \x1b[01;35m\x1b[K~~~~~~~~~~~~~~~~~~~~~~~~~~~~~~~~~~~~~~~~~~~~^~~~~~\x1b[m\x1b[K\n'}
[10.463517] (robotarm_fake_hardware) StderrLine: {'line': b'In file included from \x1b[01m\x1b[K/opt/ros/jazzy/include/hardware_interface/hardware_interface/system_interface.hpp:18\x1b[m\x1b[K,\n'}
[10.463602] (robotarm_fake_hardware) StderrLine: {'line': b'                 from \x1b[01m\x1b[K/home/admin/robotarm/ROS_WS/src/robotarm_fake_hardware/include/robotarm_fake_hardware/velocity_fake_system.hpp:3\x1b[m\x1b[K,\n'}
[10.463685] (robotarm_fake_hardware) StderrLine: {'line': b'                 from \x1b[01m\x1b[K/home/admin/robotarm/ROS_WS/src/robotarm_fake_hardware/src/velocity_fake_system.cpp:1\x1b[m\x1b[K:\n'}
[10.463770] (robotarm_fake_hardware) StderrLine: {'line': b'\x1b[01m\x1b[K/opt/ros/jazzy/include/hardware_interface/hardware_interface/hardware_component_interface.hpp:140:26:\x1b[m\x1b[K \x1b[01;36m\x1b[Knote: \x1b[m\x1b[Kdeclared here\n'}
[10.463869] (robotarm_fake_hardware) StderrLine: {'line': b'  140 |   virtual CallbackReturn \x1b[01;36m\x1b[Kon_init\x1b[m\x1b[K(const HardwareInfo & hardware_info);\n'}
[10.463960] (robotarm_fake_hardware) StderrLine: {'line': b'      |                          \x1b[01;36m\x1b[K^~~~~~~\x1b[m\x1b[K\n'}
[10.539072] (-) TimerEvent: {}
[10.636380] (robotarm_hardware) StderrLine: {'line': b'\x1b[01m\x1b[K/home/admin/robotarm/ROS_WS/src/robotarm_hardware/src/robotarm_system.cpp:\x1b[m\x1b[K In member function \xe2\x80\x98\x1b[01m\x1b[Kvirtual hardware_interface::CallbackReturn robotarm_hardware::RobotArmSystem::\x1b[01;32m\x1b[Kon_init\x1b[m\x1b[K(const hardware_interface::HardwareInfo&)\x1b[m\x1b[K\xe2\x80\x99:\n'}
[10.636726] (robotarm_hardware) StderrLine: {'line': b'\x1b[01m\x1b[K/home/admin/robotarm/ROS_WS/src/robotarm_hardware/src/robotarm_system.cpp:112:51:\x1b[m\x1b[K \x1b[01;35m\x1b[Kwarning: \x1b[m\x1b[K\xe2\x80\x98\x1b[01m\x1b[Kvirtual rclcpp_lifecycle::node_interfaces::LifecycleNodeInterface::CallbackReturn hardware_interface::HardwareComponentInterface::\x1b[01;32m\x1b[Kon_init\x1b[m\x1b[K(const hardware_interface::HardwareInfo&)\x1b[m\x1b[K\xe2\x80\x99 is deprecated: Use on_init(const HardwareComponentInterfaceParams & params) instead. [\x1b[01;35m\x1b[K\x1b]8;;https://gcc.gnu.org/onlinedocs/gcc/Warning-Options.html#index-Wdeprecated-declarations\x07-Wdeprecated-declarations\x1b]8;;\x07\x1b[m\x1b[K]\n'}
[10.636873] (robotarm_hardware) StderrLine: {'line': b'  112 |   if (\x1b[01;35m\x1b[Khardware_interface::SystemInterface::on_init(info)\x1b[m\x1b[K !=\n'}
[10.636980] (robotarm_hardware) StderrLine: {'line': b'      |       \x1b[01;35m\x1b[K~~~~~~~~~~~~~~~~~~~~~~~~~~~~~~~~~~~~~~~~~~~~^~~~~~\x1b[m\x1b[K\n'}
[10.637063] (robotarm_hardware) StderrLine: {'line': b'In file included from \x1b[01m\x1b[K/opt/ros/jazzy/include/hardware_interface/hardware_interface/system_interface.hpp:18\x1b[m\x1b[K,\n'}
[10.637148] (robotarm_hardware) StderrLine: {'line': b'                 from \x1b[01m\x1b[K/home/admin/robotarm/ROS_WS/src/robotarm_hardware/include/robotarm_hardware/robotarm_system.hpp:6\x1b[m\x1b[K,\n'}
[10.637228] (robotarm_hardware) StderrLine: {'line': b'                 from \x1b[01m\x1b[K/home/admin/robotarm/ROS_WS/src/robotarm_hardware/src/robotarm_system.cpp:42\x1b[m\x1b[K:\n'}
[10.637328] (robotarm_hardware) StderrLine: {'line': b'\x1b[01m\x1b[K/opt/ros/jazzy/include/hardware_interface/hardware_interface/hardware_component_interface.hpp:140:26:\x1b[m\x1b[K \x1b[01;36m\x1b[Knote: \x1b[m\x1b[Kdeclared here\n'}
[10.637411] (robotarm_hardware) StderrLine: {'line': b'  140 |   virtual CallbackReturn \x1b[01;36m\x1b[Kon_init\x1b[m\x1b[K(const HardwareInfo & hardware_info);\n'}
[10.637495] (robotarm_hardware) StderrLine: {'line': b'      |                          \x1b[01;36m\x1b[K^~~~~~~\x1b[m\x1b[K\n'}
[10.639148] (-) TimerEvent: {}
[10.739451] (-) TimerEvent: {}
[10.839819] (-) TimerEvent: {}
[10.940145] (-) TimerEvent: {}
[11.040476] (-) TimerEvent: {}
[11.140819] (-) TimerEvent: {}
[11.241120] (-) TimerEvent: {}
[11.341397] (-) TimerEvent: {}
[11.441728] (-) TimerEvent: {}
[11.542162] (-) TimerEvent: {}
[11.642547] (-) TimerEvent: {}
[11.742930] (-) TimerEvent: {}
[11.843278] (-) TimerEvent: {}
[11.943651] (-) TimerEvent: {}
[12.044033] (-) TimerEvent: {}
[12.144396] (-) TimerEvent: {}
[12.244720] (-) TimerEvent: {}
[12.345038] (-) TimerEvent: {}
[12.445357] (-) TimerEvent: {}
[12.545680] (-) TimerEvent: {}
[12.646072] (-) TimerEvent: {}
[12.746467] (-) TimerEvent: {}
[12.846866] (-) TimerEvent: {}
[12.947366] (-) TimerEvent: {}
[13.047732] (-) TimerEvent: {}
[13.148139] (-) TimerEvent: {}
[13.248736] (-) TimerEvent: {}
[13.268698] (robotarm_fake_hardware) StdoutLine: {'line': b'[100%] \x1b[32m\x1b[1mLinking CXX shared library librobotarm_fake_hardware.so\x1b[0m\n'}
[13.348872] (-) TimerEvent: {}
[13.449275] (-) TimerEvent: {}
[13.549898] (-) TimerEvent: {}
[13.650491] (-) TimerEvent: {}
[13.750977] (-) TimerEvent: {}
[13.851557] (-) TimerEvent: {}
[13.952069] (-) TimerEvent: {}
[14.052448] (-) TimerEvent: {}
[14.068367] (robotarm_fake_hardware) StdoutLine: {'line': b'[100%] Built target robotarm_fake_hardware\n'}
[14.091516] (robotarm_fake_hardware) CommandEnded: {'returncode': 0}
[14.092362] (robotarm_fake_hardware) JobProgress: {'identifier': 'robotarm_fake_hardware', 'progress': 'install'}
[14.110954] (robotarm_fake_hardware) Command: {'cmd': ['/usr/bin/cmake', '--install', '/home/admin/robotarm/build/robotarm_fake_hardware'], 'cwd': '/home/admin/robotarm/build/robotarm_fake_hardware', 'env': OrderedDict({'LESSOPEN': '| /usr/bin/lesspipe %s', 'USER': 'admin', 'SSH_CLIENT': '192.168.137.1 57569 22', 'GZ_CONFIG_PATH': '/opt/ros/jazzy/opt/sdformat_vendor/share/gz', 'XDG_SESSION_TYPE': 'tty', 'SHLVL': '1', 'LD_LIBRARY_PATH': '/home/admin/robotarm/ROS_WS/install/robotarm_hardware/lib:/home/admin/robotarm/ROS_WS/install/robotarm_fake_hardware/lib:/home/admin/robotarm/ROS_WS/install/adi_4dof_ik_kinematics_plugin/lib:/opt/ros/jazzy/opt/sdformat_vendor/lib:/opt/ros/jazzy/opt/rviz_ogre_vendor/lib:/opt/ros/jazzy/lib/aarch64-linux-gnu:/opt/ros/jazzy/opt/gz_math_vendor/lib:/opt/ros/jazzy/opt/gz_utils_vendor/lib:/opt/ros/jazzy/opt/gz_tools_vendor/lib:/opt/ros/jazzy/opt/gz_cmake_vendor/lib:/opt/ros/jazzy/lib', 'HOME': '/home/admin', 'OLDPWD': '/home/admin', 'SSH_TTY': '/dev/pts/0', 'ROS_PYTHON_VERSION': '3', 'DBUS_SESSION_BUS_ADDRESS': 'unix:path=/run/user/1000/bus', 'COLCON_PREFIX_PATH': '/home/admin/robotarm/ROS_WS/install', 'ROS_DISTRO': 'jazzy', 'LOGNAME': 'admin', '_': '/usr/bin/colcon', 'ROS_VERSION': '2', 'XDG_SESSION_CLASS': 'user', 'TERM': 'xterm-256color', 'XDG_SESSION_ID': '1', 'PATH': '/opt/ros/jazzy/opt/gz_tools_vendor/bin:/opt/ros/jazzy/bin:/usr/local/sbin:/usr/local/bin:/usr/sbin:/usr/bin:/sbin:/bin:/usr/games:/usr/local/games:/snap/bin', 'XDG_RUNTIME_DIR': '/run/user/1000', 'LANG': 'en_US.UTF-8', 'LS_COLORS': 'rs=0:di=01;34:ln=01;36:mh=00:pi=40;33:so=01;35:do=01;35:bd=40;33;01:cd=40;33;01:or=40;31;01:mi=00:su=37;41:sg=30;43:ca=00:tw=30;42:ow=34;42:st=37;44:ex=01;32:*.tar=01;31:*.tgz=01;31:*.arc=01;31:*.arj=01;31:*.taz=01;31:*.lha=01;31:*.lz4=01;31:*.lzh=01;31:*.lzma=01;31:*.tlz=01;31:*.txz=01;31:*.tzo=01;31:*.t7z=01;31:*.zip=01;31:*.z=01;31:*.dz=01;31:*.gz=01;31:*.lrz=01;31:*.lz=01;31:*.lzo=01;31:*.xz=01;31:*.zst=01;31:*.tzst=01;31:*.bz2=01;31:*.bz=01;31:*.tbz=01;31:*.tbz2=01;31:*.tz=01;31:*.deb=01;31:*.rpm=01;31:*.jar=01;31:*.war=01;31:*.ear=01;31:*.sar=01;31:*.rar=01;31:*.alz=01;31:*.ace=01;31:*.zoo=01;31:*.cpio=01;31:*.7z=01;31:*.rz=01;31:*.cab=01;31:*.wim=01;31:*.swm=01;31:*.dwm=01;31:*.esd=01;31:*.avif=01;35:*.jpg=01;35:*.jpeg=01;35:*.mjpg=01;35:*.mjpeg=01;35:*.gif=01;35:*.bmp=01;35:*.pbm=01;35:*.pgm=01;35:*.ppm=01;35:*.tga=01;35:*.xbm=01;35:*.xpm=01;35:*.tif=01;35:*.tiff=01;35:*.png=01;35:*.svg=01;35:*.svgz=01;35:*.mng=01;35:*.pcx=01;35:*.mov=01;35:*.mpg=01;35:*.mpeg=01;35:*.m2v=01;35:*.mkv=01;35:*.webm=01;35:*.webp=01;35:*.ogm=01;35:*.mp4=01;35:*.m4v=01;35:*.mp4v=01;35:*.vob=01;35:*.qt=01;35:*.nuv=01;35:*.wmv=01;35:*.asf=01;35:*.rm=01;35:*.rmvb=01;35:*.flc=01;35:*.avi=01;35:*.fli=01;35:*.flv=01;35:*.gl=01;35:*.dl=01;35:*.xcf=01;35:*.xwd=01;35:*.yuv=01;35:*.cgm=01;35:*.emf=01;35:*.ogv=01;35:*.ogx=01;35:*.aac=00;36:*.au=00;36:*.flac=00;36:*.m4a=00;36:*.mid=00;36:*.midi=00;36:*.mka=00;36:*.mp3=00;36:*.mpc=00;36:*.ogg=00;36:*.ra=00;36:*.wav=00;36:*.oga=00;36:*.opus=00;36:*.spx=00;36:*.xspf=00;36:*~=00;90:*#=00;90:*.bak=00;90:*.crdownload=00;90:*.dpkg-dist=00;90:*.dpkg-new=00;90:*.dpkg-old=00;90:*.dpkg-tmp=00;90:*.old=00;90:*.orig=00;90:*.part=00;90:*.rej=00;90:*.rpmnew=00;90:*.rpmorig=00;90:*.rpmsave=00;90:*.swp=00;90:*.tmp=00;90:*.ucf-dist=00;90:*.ucf-new=00;90:*.ucf-old=00;90:', 'AMENT_PREFIX_PATH': '/home/admin/robotarm/ROS_WS/install/vision_tracker:/home/admin/robotarm/ROS_WS/install/robotarm_path_planning:/home/admin/robotarm/ROS_WS/install/robotarm_moveit_config:/home/admin/robotarm/ROS_WS/install/robotarm_software:/home/admin/robotarm/ROS_WS/install/robotarm_hardware:/home/admin/robotarm/ROS_WS/install/robotarm_fake_hardware:/home/admin/robotarm/ROS_WS/install/robot_moveit_config:/home/admin/robotarm/ROS_WS/install/point_motion:/home/admin/robotarm/ROS_WS/install/moveit_3dof:/home/admin/robotarm/ROS_WS/install/adi_tmcm_bb4:/home/admin/robotarm/ROS_WS/install/adi_robotarm_moveit_config:/home/admin/robotarm/ROS_WS/install/adi_robotarm:/home/admin/robotarm/ROS_WS/install/adi_4dof_ik:/home/admin/robotarm/ROS_WS/install/adi_4dof_ik_kinematics_plugin:/home/admin/robotarm/ROS_WS/install/adi_4dof_endeffector_xyz:/opt/ros/jazzy', 'SHELL': '/bin/bash', 'LESSCLOSE': '/usr/bin/lesspipe %s %s', 'ROS_AUTOMATIC_DISCOVERY_RANGE': 'SUBNET', 'PWD': '/home/admin/robotarm/build/robotarm_fake_hardware', 'LC_ALL': 'en_US.UTF-8', 'SSH_CONNECTION': '192.168.137.1 57569 192.168.137.2 22', 'XDG_DATA_DIRS': '/usr/local/share:/usr/share:/var/lib/snapd/desktop', 'PYTHONPATH': '/home/admin/robotarm/ROS_WS/install/vision_tracker/lib/python3.12/site-packages:/home/admin/robotarm/ROS_WS/install/robotarm_software/lib/python3.12/site-packages:/opt/ros/jazzy/lib/python3.12/site-packages', 'COLCON': '1', 'CMAKE_PREFIX_PATH': '/home/admin/robotarm/ROS_WS/install/robotarm_path_planning:/home/admin/robotarm/ROS_WS/install/robotarm_moveit_config:/home/admin/robotarm/ROS_WS/install/robotarm_software:/home/admin/robotarm/ROS_WS/install/robotarm_hardware:/home/admin/robotarm/ROS_WS/install/robotarm_fake_hardware:/home/admin/robotarm/ROS_WS/install/robot_moveit_config:/home/admin/robotarm/ROS_WS/install/point_motion:/home/admin/robotarm/ROS_WS/install/moveit_3dof:/home/admin/robotarm/ROS_WS/install/adi_tmcm_bb4:/home/admin/robotarm/ROS_WS/install/adi_robotarm_moveit_config:/home/admin/robotarm/ROS_WS/install/adi_robotarm:/home/admin/robotarm/ROS_WS/install/adi_4dof_ik:/home/admin/robotarm/ROS_WS/install/adi_4dof_ik_kinematics_plugin:/home/admin/robotarm/ROS_WS/install/adi_4dof_endeffector_xyz:/opt/ros/jazzy/opt/sdformat_vendor:/opt/ros/jazzy/opt/gz_math_vendor:/opt/ros/jazzy/opt/gz_utils_vendor:/opt/ros/jazzy/opt/gz_tools_vendor:/opt/ros/jazzy/opt/gz_cmake_vendor:/home/admin/robotarm/ROS_WS/install/vision_tracker:/opt/ros/jazzy'}), 'shell': False}
[14.128106] (robotarm_fake_hardware) StdoutLine: {'line': b'-- Install configuration: ""\n'}
[14.128535] (robotarm_fake_hardware) StdoutLine: {'line': b'-- Installing: /home/admin/robotarm/install/robotarm_fake_hardware/share/robotarm_fake_hardware/robotarm_fake_hardware.xml\n'}
[14.129350] (robotarm_fake_hardware) StdoutLine: {'line': b'-- Installing: /home/admin/robotarm/install/robotarm_fake_hardware/lib/librobotarm_fake_hardware.so\n'}
[14.130725] (robotarm_fake_hardware) StdoutLine: {'line': b'-- Set non-toolchain portion of runtime path of "/home/admin/robotarm/install/robotarm_fake_hardware/lib/librobotarm_fake_hardware.so" to ""\n'}
[14.130919] (robotarm_fake_hardware) StdoutLine: {'line': b'-- Installing: /home/admin/robotarm/install/robotarm_fake_hardware/include\n'}
[14.131082] (robotarm_fake_hardware) StdoutLine: {'line': b'-- Installing: /home/admin/robotarm/install/robotarm_fake_hardware/include/robotarm_fake_hardware\n'}
[14.131246] (robotarm_fake_hardware) StdoutLine: {'line': b'-- Installing: /home/admin/robotarm/install/robotarm_fake_hardware/include/robotarm_fake_hardware/velocity_fake_system.hpp\n'}
[14.131381] (robotarm_fake_hardware) StdoutLine: {'line': b'-- Up-to-date: /home/admin/robotarm/install/robotarm_fake_hardware/share/robotarm_fake_hardware/robotarm_fake_hardware.xml\n'}
[14.131524] (robotarm_fake_hardware) StdoutLine: {'line': b'-- Installing: /home/admin/robotarm/install/robotarm_fake_hardware/share/ament_index/resource_index/package_run_dependencies/robotarm_fake_hardware\n'}
[14.131793] (robotarm_fake_hardware) StdoutLine: {'line': b'-- Installing: /home/admin/robotarm/install/robotarm_fake_hardware/share/ament_index/resource_index/parent_prefix_path/robotarm_fake_hardware\n'}
[14.132072] (robotarm_fake_hardware) StdoutLine: {'line': b'-- Installing: /home/admin/robotarm/install/robotarm_fake_hardware/share/robotarm_fake_hardware/environment/ament_prefix_path.sh\n'}
[14.132283] (robotarm_fake_hardware) StdoutLine: {'line': b'-- Installing: /home/admin/robotarm/install/robotarm_fake_hardware/share/robotarm_fake_hardware/environment/ament_prefix_path.dsv\n'}
[14.132477] (robotarm_fake_hardware) StdoutLine: {'line': b'-- Installing: /home/admin/robotarm/install/robotarm_fake_hardware/share/robotarm_fake_hardware/environment/path.sh\n'}
[14.132648] (robotarm_fake_hardware) StdoutLine: {'line': b'-- Installing: /home/admin/robotarm/install/robotarm_fake_hardware/share/robotarm_fake_hardware/environment/path.dsv\n'}
[14.132826] (robotarm_fake_hardware) StdoutLine: {'line': b'-- Installing: /home/admin/robotarm/install/robotarm_fake_hardware/share/robotarm_fake_hardware/local_setup.bash\n'}
[14.133028] (robotarm_fake_hardware) StdoutLine: {'line': b'-- Installing: /home/admin/robotarm/install/robotarm_fake_hardware/share/robotarm_fake_hardware/local_setup.sh\n'}
[14.133228] (robotarm_fake_hardware) StdoutLine: {'line': b'-- Installing: /home/admin/robotarm/install/robotarm_fake_hardware/share/robotarm_fake_hardware/local_setup.zsh\n'}
[14.133411] (robotarm_fake_hardware) StdoutLine: {'line': b'-- Installing: /home/admin/robotarm/install/robotarm_fake_hardware/share/robotarm_fake_hardware/local_setup.dsv\n'}
[14.133578] (robotarm_fake_hardware) StdoutLine: {'line': b'-- Installing: /home/admin/robotarm/install/robotarm_fake_hardware/share/robotarm_fake_hardware/package.dsv\n'}
[14.133816] (robotarm_fake_hardware) StdoutLine: {'line': b'-- Installing: /home/admin/robotarm/install/robotarm_fake_hardware/share/ament_index/resource_index/packages/robotarm_fake_hardware\n'}
[14.134058] (robotarm_fake_hardware) StdoutLine: {'line': b'-- Installing: /home/admin/robotarm/install/robotarm_fake_hardware/share/ament_index/resource_index/hardware_interface__pluginlib__plugin/robotarm_fake_hardware\n'}
[14.134299] (robotarm_fake_hardware) StdoutLine: {'line': b'-- Installing: /home/admin/robotarm/install/robotarm_fake_hardware/share/robotarm_fake_hardware/cmake/robotarm_fake_hardwareConfig.cmake\n'}
[14.134454] (robotarm_fake_hardware) StdoutLine: {'line': b'-- Installing: /home/admin/robotarm/install/robotarm_fake_hardware/share/robotarm_fake_hardware/cmake/robotarm_fake_hardwareConfig-version.cmake\n'}
[14.134621] (robotarm_fake_hardware) StdoutLine: {'line': b'-- Installing: /home/admin/robotarm/install/robotarm_fake_hardware/share/robotarm_fake_hardware/package.xml\n'}
[14.137572] (robotarm_fake_hardware) CommandEnded: {'returncode': 0}
[14.152781] (-) TimerEvent: {}
[14.182588] (robotarm_fake_hardware) JobEnded: {'identifier': 'robotarm_fake_hardware', 'rc': 0}
[14.252904] (-) TimerEvent: {}
[14.303006] (robotarm_hardware) StdoutLine: {'line': b'[100%] \x1b[32m\x1b[1mLinking CXX shared library librobotarm_hardware.so\x1b[0m\n'}
[14.353059] (-) TimerEvent: {}
[14.453678] (-) TimerEvent: {}
[14.554143] (-) TimerEvent: {}
[14.654515] (-) TimerEvent: {}
[14.749308] (robotarm_hardware) StdoutLine: {'line': b'[100%] Built target robotarm_hardware\n'}
[14.754636] (-) TimerEvent: {}
[14.770547] (robotarm_hardware) CommandEnded: {'returncode': 0}
[14.771280] (robotarm_hardware) JobProgress: {'identifier': 'robotarm_hardware', 'progress': 'install'}
[14.771621] (robotarm_hardware) Command: {'cmd': ['/usr/bin/cmake', '--install', '/home/admin/robotarm/build/robotarm_hardware'], 'cwd': '/home/admin/robotarm/build/robotarm_hardware', 'env': OrderedDict({'LESSOPEN': '| /usr/bin/lesspipe %s', 'USER': 'admin', 'SSH_CLIENT': '192.168.137.1 57569 22', 'GZ_CONFIG_PATH': '/opt/ros/jazzy/opt/sdformat_vendor/share/gz', 'XDG_SESSION_TYPE': 'tty', 'SHLVL': '1', 'LD_LIBRARY_PATH': '/home/admin/robotarm/ROS_WS/install/robotarm_hardware/lib:/home/admin/robotarm/ROS_WS/install/robotarm_fake_hardware/lib:/home/admin/robotarm/ROS_WS/install/adi_4dof_ik_kinematics_plugin/lib:/opt/ros/jazzy/opt/sdformat_vendor/lib:/opt/ros/jazzy/opt/rviz_ogre_vendor/lib:/opt/ros/jazzy/lib/aarch64-linux-gnu:/opt/ros/jazzy/opt/gz_math_vendor/lib:/opt/ros/jazzy/opt/gz_utils_vendor/lib:/opt/ros/jazzy/opt/gz_tools_vendor/lib:/opt/ros/jazzy/opt/gz_cmake_vendor/lib:/opt/ros/jazzy/lib', 'HOME': '/home/admin', 'OLDPWD': '/home/admin', 'SSH_TTY': '/dev/pts/0', 'ROS_PYTHON_VERSION': '3', 'DBUS_SESSION_BUS_ADDRESS': 'unix:path=/run/user/1000/bus', 'COLCON_PREFIX_PATH': '/home/admin/robotarm/ROS_WS/install', 'ROS_DISTRO': 'jazzy', 'LOGNAME': 'admin', '_': '/usr/bin/colcon', 'ROS_VERSION': '2', 'XDG_SESSION_CLASS': 'user', 'TERM': 'xterm-256color', 'XDG_SESSION_ID': '1', 'PATH': '/opt/ros/jazzy/opt/gz_tools_vendor/bin:/opt/ros/jazzy/bin:/usr/local/sbin:/usr/local/bin:/usr/sbin:/usr/bin:/sbin:/bin:/usr/games:/usr/local/games:/snap/bin', 'XDG_RUNTIME_DIR': '/run/user/1000', 'LANG': 'en_US.UTF-8', 'LS_COLORS': 'rs=0:di=01;34:ln=01;36:mh=00:pi=40;33:so=01;35:do=01;35:bd=40;33;01:cd=40;33;01:or=40;31;01:mi=00:su=37;41:sg=30;43:ca=00:tw=30;42:ow=34;42:st=37;44:ex=01;32:*.tar=01;31:*.tgz=01;31:*.arc=01;31:*.arj=01;31:*.taz=01;31:*.lha=01;31:*.lz4=01;31:*.lzh=01;31:*.lzma=01;31:*.tlz=01;31:*.txz=01;31:*.tzo=01;31:*.t7z=01;31:*.zip=01;31:*.z=01;31:*.dz=01;31:*.gz=01;31:*.lrz=01;31:*.lz=01;31:*.lzo=01;31:*.xz=01;31:*.zst=01;31:*.tzst=01;31:*.bz2=01;31:*.bz=01;31:*.tbz=01;31:*.tbz2=01;31:*.tz=01;31:*.deb=01;31:*.rpm=01;31:*.jar=01;31:*.war=01;31:*.ear=01;31:*.sar=01;31:*.rar=01;31:*.alz=01;31:*.ace=01;31:*.zoo=01;31:*.cpio=01;31:*.7z=01;31:*.rz=01;31:*.cab=01;31:*.wim=01;31:*.swm=01;31:*.dwm=01;31:*.esd=01;31:*.avif=01;35:*.jpg=01;35:*.jpeg=01;35:*.mjpg=01;35:*.mjpeg=01;35:*.gif=01;35:*.bmp=01;35:*.pbm=01;35:*.pgm=01;35:*.ppm=01;35:*.tga=01;35:*.xbm=01;35:*.xpm=01;35:*.tif=01;35:*.tiff=01;35:*.png=01;35:*.svg=01;35:*.svgz=01;35:*.mng=01;35:*.pcx=01;35:*.mov=01;35:*.mpg=01;35:*.mpeg=01;35:*.m2v=01;35:*.mkv=01;35:*.webm=01;35:*.webp=01;35:*.ogm=01;35:*.mp4=01;35:*.m4v=01;35:*.mp4v=01;35:*.vob=01;35:*.qt=01;35:*.nuv=01;35:*.wmv=01;35:*.asf=01;35:*.rm=01;35:*.rmvb=01;35:*.flc=01;35:*.avi=01;35:*.fli=01;35:*.flv=01;35:*.gl=01;35:*.dl=01;35:*.xcf=01;35:*.xwd=01;35:*.yuv=01;35:*.cgm=01;35:*.emf=01;35:*.ogv=01;35:*.ogx=01;35:*.aac=00;36:*.au=00;36:*.flac=00;36:*.m4a=00;36:*.mid=00;36:*.midi=00;36:*.mka=00;36:*.mp3=00;36:*.mpc=00;36:*.ogg=00;36:*.ra=00;36:*.wav=00;36:*.oga=00;36:*.opus=00;36:*.spx=00;36:*.xspf=00;36:*~=00;90:*#=00;90:*.bak=00;90:*.crdownload=00;90:*.dpkg-dist=00;90:*.dpkg-new=00;90:*.dpkg-old=00;90:*.dpkg-tmp=00;90:*.old=00;90:*.orig=00;90:*.part=00;90:*.rej=00;90:*.rpmnew=00;90:*.rpmorig=00;90:*.rpmsave=00;90:*.swp=00;90:*.tmp=00;90:*.ucf-dist=00;90:*.ucf-new=00;90:*.ucf-old=00;90:', 'AMENT_PREFIX_PATH': '/home/admin/robotarm/ROS_WS/install/vision_tracker:/home/admin/robotarm/ROS_WS/install/robotarm_path_planning:/home/admin/robotarm/ROS_WS/install/robotarm_moveit_config:/home/admin/robotarm/ROS_WS/install/robotarm_software:/home/admin/robotarm/ROS_WS/install/robotarm_hardware:/home/admin/robotarm/ROS_WS/install/robotarm_fake_hardware:/home/admin/robotarm/ROS_WS/install/robot_moveit_config:/home/admin/robotarm/ROS_WS/install/point_motion:/home/admin/robotarm/ROS_WS/install/moveit_3dof:/home/admin/robotarm/ROS_WS/install/adi_tmcm_bb4:/home/admin/robotarm/ROS_WS/install/adi_robotarm_moveit_config:/home/admin/robotarm/ROS_WS/install/adi_robotarm:/home/admin/robotarm/ROS_WS/install/adi_4dof_ik:/home/admin/robotarm/ROS_WS/install/adi_4dof_ik_kinematics_plugin:/home/admin/robotarm/ROS_WS/install/adi_4dof_endeffector_xyz:/opt/ros/jazzy', 'SHELL': '/bin/bash', 'LESSCLOSE': '/usr/bin/lesspipe %s %s', 'ROS_AUTOMATIC_DISCOVERY_RANGE': 'SUBNET', 'PWD': '/home/admin/robotarm/build/robotarm_hardware', 'LC_ALL': 'en_US.UTF-8', 'SSH_CONNECTION': '192.168.137.1 57569 192.168.137.2 22', 'XDG_DATA_DIRS': '/usr/local/share:/usr/share:/var/lib/snapd/desktop', 'PYTHONPATH': '/home/admin/robotarm/ROS_WS/install/vision_tracker/lib/python3.12/site-packages:/home/admin/robotarm/ROS_WS/install/robotarm_software/lib/python3.12/site-packages:/opt/ros/jazzy/lib/python3.12/site-packages', 'COLCON': '1', 'CMAKE_PREFIX_PATH': '/home/admin/robotarm/ROS_WS/install/robotarm_path_planning:/home/admin/robotarm/ROS_WS/install/robotarm_moveit_config:/home/admin/robotarm/ROS_WS/install/robotarm_software:/home/admin/robotarm/ROS_WS/install/robotarm_hardware:/home/admin/robotarm/ROS_WS/install/robotarm_fake_hardware:/home/admin/robotarm/ROS_WS/install/robot_moveit_config:/home/admin/robotarm/ROS_WS/install/point_motion:/home/admin/robotarm/ROS_WS/install/moveit_3dof:/home/admin/robotarm/ROS_WS/install/adi_tmcm_bb4:/home/admin/robotarm/ROS_WS/install/adi_robotarm_moveit_config:/home/admin/robotarm/ROS_WS/install/adi_robotarm:/home/admin/robotarm/ROS_WS/install/adi_4dof_ik:/home/admin/robotarm/ROS_WS/install/adi_4dof_ik_kinematics_plugin:/home/admin/robotarm/ROS_WS/install/adi_4dof_endeffector_xyz:/opt/ros/jazzy/opt/sdformat_vendor:/opt/ros/jazzy/opt/gz_math_vendor:/opt/ros/jazzy/opt/gz_utils_vendor:/opt/ros/jazzy/opt/gz_tools_vendor:/opt/ros/jazzy/opt/gz_cmake_vendor:/home/admin/robotarm/ROS_WS/install/vision_tracker:/opt/ros/jazzy'}), 'shell': False}
[14.787658] (robotarm_hardware) StdoutLine: {'line': b'-- Install configuration: ""\n'}
[14.787983] (robotarm_hardware) StdoutLine: {'line': b'-- Installing: /home/admin/robotarm/install/robotarm_hardware/share/robotarm_hardware/robotarm_hardware.xml\n'}
[14.788912] (robotarm_hardware) StdoutLine: {'line': b'-- Installing: /home/admin/robotarm/install/robotarm_hardware/lib/librobotarm_hardware.so\n'}
[14.790578] (robotarm_hardware) StdoutLine: {'line': b'-- Set non-toolchain portion of runtime path of "/home/admin/robotarm/install/robotarm_hardware/lib/librobotarm_hardware.so" to ""\n'}
[14.790727] (robotarm_hardware) StdoutLine: {'line': b'-- Installing: /home/admin/robotarm/install/robotarm_hardware/include\n'}
[14.790851] (robotarm_hardware) StdoutLine: {'line': b'-- Installing: /home/admin/robotarm/install/robotarm_hardware/include/robotarm_hardware\n'}
[14.790966] (robotarm_hardware) StdoutLine: {'line': b'-- Installing: /home/admin/robotarm/install/robotarm_hardware/include/robotarm_hardware/robotarm_system.hpp\n'}
[14.791072] (robotarm_hardware) StdoutLine: {'line': b'-- Up-to-date: /home/admin/robotarm/install/robotarm_hardware/share/robotarm_hardware/robotarm_hardware.xml\n'}
[14.791225] (robotarm_hardware) StdoutLine: {'line': b'-- Installing: /home/admin/robotarm/install/robotarm_hardware/share/ament_index/resource_index/package_run_dependencies/robotarm_hardware\n'}
[14.791460] (robotarm_hardware) StdoutLine: {'line': b'-- Installing: /home/admin/robotarm/install/robotarm_hardware/share/ament_index/resource_index/parent_prefix_path/robotarm_hardware\n'}
[14.791685] (robotarm_hardware) StdoutLine: {'line': b'-- Installing: /home/admin/robotarm/install/robotarm_hardware/share/robotarm_hardware/environment/ament_prefix_path.sh\n'}
[14.791849] (robotarm_hardware) StdoutLine: {'line': b'-- Installing: /home/admin/robotarm/install/robotarm_hardware/share/robotarm_hardware/environment/ament_prefix_path.dsv\n'}
[14.792037] (robotarm_hardware) StdoutLine: {'line': b'-- Installing: /home/admin/robotarm/install/robotarm_hardware/share/robotarm_hardware/environment/path.sh\n'}
[14.792202] (robotarm_hardware) StdoutLine: {'line': b'-- Installing: /home/admin/robotarm/install/robotarm_hardware/share/robotarm_hardware/environment/path.dsv\n'}
[14.792359] (robotarm_hardware) StdoutLine: {'line': b'-- Installing: /home/admin/robotarm/install/robotarm_hardware/share/robotarm_hardware/local_setup.bash\n'}
[14.792523] (robotarm_hardware) StdoutLine: {'line': b'-- Installing: /home/admin/robotarm/install/robotarm_hardware/share/robotarm_hardware/local_setup.sh\n'}
[14.792694] (robotarm_hardware) StdoutLine: {'line': b'-- Installing: /home/admin/robotarm/install/robotarm_hardware/share/robotarm_hardware/local_setup.zsh\n'}
[14.792869] (robotarm_hardware) StdoutLine: {'line': b'-- Installing: /home/admin/robotarm/install/robotarm_hardware/share/robotarm_hardware/local_setup.dsv\n'}
[14.793027] (robotarm_hardware) StdoutLine: {'line': b'-- Installing: /home/admin/robotarm/install/robotarm_hardware/share/robotarm_hardware/package.dsv\n'}
[14.793242] (robotarm_hardware) StdoutLine: {'line': b'-- Installing: /home/admin/robotarm/install/robotarm_hardware/share/ament_index/resource_index/packages/robotarm_hardware\n'}
[14.793445] (robotarm_hardware) StdoutLine: {'line': b'-- Installing: /home/admin/robotarm/install/robotarm_hardware/share/ament_index/resource_index/hardware_interface__pluginlib__plugin/robotarm_hardware\n'}
[14.793651] (robotarm_hardware) StdoutLine: {'line': b'-- Installing: /home/admin/robotarm/install/robotarm_hardware/share/robotarm_hardware/cmake/robotarm_hardwareConfig.cmake\n'}
[14.793779] (robotarm_hardware) StdoutLine: {'line': b'-- Installing: /home/admin/robotarm/install/robotarm_hardware/share/robotarm_hardware/cmake/robotarm_hardwareConfig-version.cmake\n'}
[14.793939] (robotarm_hardware) StdoutLine: {'line': b'-- Installing: /home/admin/robotarm/install/robotarm_hardware/share/robotarm_hardware/package.xml\n'}
[14.796682] (robotarm_hardware) CommandEnded: {'returncode': 0}
[14.814510] (robotarm_hardware) JobEnded: {'identifier': 'robotarm_hardware', 'rc': 0}
[14.815673] (robotarm_software) JobStarted: {'identifier': 'robotarm_software'}
[14.833750] (robotarm_software) JobProgress: {'identifier': 'robotarm_software', 'progress': 'cmake'}
[14.835567] (robotarm_software) Command: {'cmd': ['/usr/bin/cmake', '/home/admin/robotarm/ROS_WS/src/robotarm_software', '-DCMAKE_INSTALL_PREFIX=/home/admin/robotarm/install/robotarm_software'], 'cwd': '/home/admin/robotarm/build/robotarm_software', 'env': OrderedDict({'LESSOPEN': '| /usr/bin/lesspipe %s', 'USER': 'admin', 'SSH_CLIENT': '192.168.137.1 57569 22', 'GZ_CONFIG_PATH': '/opt/ros/jazzy/opt/sdformat_vendor/share/gz', 'XDG_SESSION_TYPE': 'tty', 'SHLVL': '1', 'LD_LIBRARY_PATH': '/home/admin/robotarm/install/robotarm_hardware/lib:/home/admin/robotarm/ROS_WS/install/robotarm_hardware/lib:/home/admin/robotarm/ROS_WS/install/robotarm_fake_hardware/lib:/home/admin/robotarm/ROS_WS/install/adi_4dof_ik_kinematics_plugin/lib:/opt/ros/jazzy/opt/sdformat_vendor/lib:/opt/ros/jazzy/opt/rviz_ogre_vendor/lib:/opt/ros/jazzy/lib/aarch64-linux-gnu:/opt/ros/jazzy/opt/gz_math_vendor/lib:/opt/ros/jazzy/opt/gz_utils_vendor/lib:/opt/ros/jazzy/opt/gz_tools_vendor/lib:/opt/ros/jazzy/opt/gz_cmake_vendor/lib:/opt/ros/jazzy/lib', 'HOME': '/home/admin', 'OLDPWD': '/home/admin', 'SSH_TTY': '/dev/pts/0', 'ROS_PYTHON_VERSION': '3', 'DBUS_SESSION_BUS_ADDRESS': 'unix:path=/run/user/1000/bus', 'COLCON_PREFIX_PATH': '/home/admin/robotarm/ROS_WS/install', 'ROS_DISTRO': 'jazzy', 'LOGNAME': 'admin', '_': '/usr/bin/colcon', 'ROS_VERSION': '2', 'XDG_SESSION_CLASS': 'user', 'TERM': 'xterm-256color', 'XDG_SESSION_ID': '1', 'PATH': '/opt/ros/jazzy/opt/gz_tools_vendor/bin:/opt/ros/jazzy/bin:/usr/local/sbin:/usr/local/bin:/usr/sbin:/usr/bin:/sbin:/bin:/usr/games:/usr/local/games:/snap/bin', 'XDG_RUNTIME_DIR': '/run/user/1000', 'LANG': 'en_US.UTF-8', 'LS_COLORS': 'rs=0:di=01;34:ln=01;36:mh=00:pi=40;33:so=01;35:do=01;35:bd=40;33;01:cd=40;33;01:or=40;31;01:mi=00:su=37;41:sg=30;43:ca=00:tw=30;42:ow=34;42:st=37;44:ex=01;32:*.tar=01;31:*.tgz=01;31:*.arc=01;31:*.arj=01;31:*.taz=01;31:*.lha=01;31:*.lz4=01;31:*.lzh=01;31:*.lzma=01;31:*.tlz=01;31:*.txz=01;31:*.tzo=01;31:*.t7z=01;31:*.zip=01;31:*.z=01;31:*.dz=01;31:*.gz=01;31:*.lrz=01;31:*.lz=01;31:*.lzo=01;31:*.xz=01;31:*.zst=01;31:*.tzst=01;31:*.bz2=01;31:*.bz=01;31:*.tbz=01;31:*.tbz2=01;31:*.tz=01;31:*.deb=01;31:*.rpm=01;31:*.jar=01;31:*.war=01;31:*.ear=01;31:*.sar=01;31:*.rar=01;31:*.alz=01;31:*.ace=01;31:*.zoo=01;31:*.cpio=01;31:*.7z=01;31:*.rz=01;31:*.cab=01;31:*.wim=01;31:*.swm=01;31:*.dwm=01;31:*.esd=01;31:*.avif=01;35:*.jpg=01;35:*.jpeg=01;35:*.mjpg=01;35:*.mjpeg=01;35:*.gif=01;35:*.bmp=01;35:*.pbm=01;35:*.pgm=01;35:*.ppm=01;35:*.tga=01;35:*.xbm=01;35:*.xpm=01;35:*.tif=01;35:*.tiff=01;35:*.png=01;35:*.svg=01;35:*.svgz=01;35:*.mng=01;35:*.pcx=01;35:*.mov=01;35:*.mpg=01;35:*.mpeg=01;35:*.m2v=01;35:*.mkv=01;35:*.webm=01;35:*.webp=01;35:*.ogm=01;35:*.mp4=01;35:*.m4v=01;35:*.mp4v=01;35:*.vob=01;35:*.qt=01;35:*.nuv=01;35:*.wmv=01;35:*.asf=01;35:*.rm=01;35:*.rmvb=01;35:*.flc=01;35:*.avi=01;35:*.fli=01;35:*.flv=01;35:*.gl=01;35:*.dl=01;35:*.xcf=01;35:*.xwd=01;35:*.yuv=01;35:*.cgm=01;35:*.emf=01;35:*.ogv=01;35:*.ogx=01;35:*.aac=00;36:*.au=00;36:*.flac=00;36:*.m4a=00;36:*.mid=00;36:*.midi=00;36:*.mka=00;36:*.mp3=00;36:*.mpc=00;36:*.ogg=00;36:*.ra=00;36:*.wav=00;36:*.oga=00;36:*.opus=00;36:*.spx=00;36:*.xspf=00;36:*~=00;90:*#=00;90:*.bak=00;90:*.crdownload=00;90:*.dpkg-dist=00;90:*.dpkg-new=00;90:*.dpkg-old=00;90:*.dpkg-tmp=00;90:*.old=00;90:*.orig=00;90:*.part=00;90:*.rej=00;90:*.rpmnew=00;90:*.rpmorig=00;90:*.rpmsave=00;90:*.swp=00;90:*.tmp=00;90:*.ucf-dist=00;90:*.ucf-new=00;90:*.ucf-old=00;90:', 'AMENT_PREFIX_PATH': '/home/admin/robotarm/install/robotarm_hardware:/home/admin/robotarm/ROS_WS/install/vision_tracker:/home/admin/robotarm/ROS_WS/install/robotarm_path_planning:/home/admin/robotarm/ROS_WS/install/robotarm_moveit_config:/home/admin/robotarm/ROS_WS/install/robotarm_software:/home/admin/robotarm/ROS_WS/install/robotarm_hardware:/home/admin/robotarm/ROS_WS/install/robotarm_fake_hardware:/home/admin/robotarm/ROS_WS/install/robot_moveit_config:/home/admin/robotarm/ROS_WS/install/point_motion:/home/admin/robotarm/ROS_WS/install/moveit_3dof:/home/admin/robotarm/ROS_WS/install/adi_tmcm_bb4:/home/admin/robotarm/ROS_WS/install/adi_robotarm_moveit_config:/home/admin/robotarm/ROS_WS/install/adi_robotarm:/home/admin/robotarm/ROS_WS/install/adi_4dof_ik:/home/admin/robotarm/ROS_WS/install/adi_4dof_ik_kinematics_plugin:/home/admin/robotarm/ROS_WS/install/adi_4dof_endeffector_xyz:/opt/ros/jazzy', 'SHELL': '/bin/bash', 'LESSCLOSE': '/usr/bin/lesspipe %s %s', 'ROS_AUTOMATIC_DISCOVERY_RANGE': 'SUBNET', 'PWD': '/home/admin/robotarm/build/robotarm_software', 'LC_ALL': 'en_US.UTF-8', 'SSH_CONNECTION': '192.168.137.1 57569 192.168.137.2 22', 'XDG_DATA_DIRS': '/usr/local/share:/usr/share:/var/lib/snapd/desktop', 'PYTHONPATH': '/home/admin/robotarm/ROS_WS/install/vision_tracker/lib/python3.12/site-packages:/home/admin/robotarm/ROS_WS/install/robotarm_software/lib/python3.12/site-packages:/opt/ros/jazzy/lib/python3.12/site-packages', 'COLCON': '1', 'CMAKE_PREFIX_PATH': '/home/admin/robotarm/install/robotarm_hardware:/home/admin/robotarm/ROS_WS/install/robotarm_path_planning:/home/admin/robotarm/ROS_WS/install/robotarm_moveit_config:/home/admin/robotarm/ROS_WS/install/robotarm_software:/home/admin/robotarm/ROS_WS/install/robotarm_hardware:/home/admin/robotarm/ROS_WS/install/robotarm_fake_hardware:/home/admin/robotarm/ROS_WS/install/robot_moveit_config:/home/admin/robotarm/ROS_WS/install/point_motion:/home/admin/robotarm/ROS_WS/install/moveit_3dof:/home/admin/robotarm/ROS_WS/install/adi_tmcm_bb4:/home/admin/robotarm/ROS_WS/install/adi_robotarm_moveit_config:/home/admin/robotarm/ROS_WS/install/adi_robotarm:/home/admin/robotarm/ROS_WS/install/adi_4dof_ik:/home/admin/robotarm/ROS_WS/install/adi_4dof_ik_kinematics_plugin:/home/admin/robotarm/ROS_WS/install/adi_4dof_endeffector_xyz:/opt/ros/jazzy/opt/sdformat_vendor:/opt/ros/jazzy/opt/gz_math_vendor:/opt/ros/jazzy/opt/gz_utils_vendor:/opt/ros/jazzy/opt/gz_tools_vendor:/opt/ros/jazzy/opt/gz_cmake_vendor:/home/admin/robotarm/ROS_WS/install/vision_tracker:/opt/ros/jazzy'}), 'shell': False}
[14.854736] (-) TimerEvent: {}
[14.939317] (robotarm_software) StdoutLine: {'line': b'-- The C compiler identification is GNU 13.3.0\n'}
[14.954862] (-) TimerEvent: {}
[15.035961] (robotarm_software) StdoutLine: {'line': b'-- The CXX compiler identification is GNU 13.3.0\n'}
[15.054963] (-) TimerEvent: {}
[15.064760] (robotarm_software) StdoutLine: {'line': b'-- Detecting C compiler ABI info\n'}
[15.155107] (-) TimerEvent: {}
[15.224583] (robotarm_software) StdoutLine: {'line': b'-- Detecting C compiler ABI info - done\n'}
[15.240314] (robotarm_software) StdoutLine: {'line': b'-- Check for working C compiler: /usr/bin/cc - skipped\n'}
[15.240691] (robotarm_software) StdoutLine: {'line': b'-- Detecting C compile features\n'}
[15.241263] (robotarm_software) StdoutLine: {'line': b'-- Detecting C compile features - done\n'}
[15.255239] (-) TimerEvent: {}
[15.255626] (robotarm_software) StdoutLine: {'line': b'-- Detecting CXX compiler ABI info\n'}
[15.355376] (-) TimerEvent: {}
[15.432341] (robotarm_software) StdoutLine: {'line': b'-- Detecting CXX compiler ABI info - done\n'}
[15.448656] (robotarm_software) StdoutLine: {'line': b'-- Check for working CXX compiler: /usr/bin/c++ - skipped\n'}
[15.449071] (robotarm_software) StdoutLine: {'line': b'-- Detecting CXX compile features\n'}
[15.449731] (robotarm_software) StdoutLine: {'line': b'-- Detecting CXX compile features - done\n'}
[15.455421] (-) TimerEvent: {}
[15.455896] (robotarm_software) StdoutLine: {'line': b'-- Found ament_cmake: 2.5.6 (/opt/ros/jazzy/share/ament_cmake/cmake)\n'}
[15.555516] (-) TimerEvent: {}
[15.655899] (-) TimerEvent: {}
[15.697193] (robotarm_software) StdoutLine: {'line': b'-- Found Python3: /usr/bin/python3 (found version "3.12.3") found components: Interpreter \n'}
[15.756005] (-) TimerEvent: {}
[15.856308] (-) TimerEvent: {}
[15.894632] (robotarm_software) StdoutLine: {'line': b'-- Found rclcpp: 28.1.18 (/opt/ros/jazzy/share/rclcpp/cmake)\n'}
[15.956403] (-) TimerEvent: {}
[15.967036] (robotarm_software) StdoutLine: {'line': b'-- Found rosidl_generator_c: 4.6.7 (/opt/ros/jazzy/share/rosidl_generator_c/cmake)\n'}
[15.993607] (robotarm_software) StdoutLine: {'line': b'-- Found rosidl_generator_cpp: 4.6.7 (/opt/ros/jazzy/share/rosidl_generator_cpp/cmake)\n'}
[16.023885] (robotarm_software) StdoutLine: {'line': b'-- Using all available rosidl_typesupport_c: rosidl_typesupport_fastrtps_c;rosidl_typesupport_introspection_c\n'}
[16.056471] (-) TimerEvent: {}
[16.056630] (robotarm_software) StdoutLine: {'line': b'-- Using all available rosidl_typesupport_cpp: rosidl_typesupport_fastrtps_cpp;rosidl_typesupport_introspection_cpp\n'}
[16.156557] (-) TimerEvent: {}
[16.183595] (robotarm_software) StdoutLine: {'line': b'-- Found rmw_implementation_cmake: 7.3.3 (/opt/ros/jazzy/share/rmw_implementation_cmake/cmake)\n'}
[16.190545] (robotarm_software) StdoutLine: {'line': b'-- Found rmw_fastrtps_cpp: 8.4.3 (/opt/ros/jazzy/share/rmw_fastrtps_cpp/cmake)\n'}
[16.256687] (-) TimerEvent: {}
[16.333209] (robotarm_software) StdoutLine: {'line': b'-- Found OpenSSL: /usr/lib/aarch64-linux-gnu/libcrypto.so (found version "3.0.13")  \n'}
[16.356779] (-) TimerEvent: {}
[16.359045] (robotarm_software) StdoutLine: {'line': b'-- Found FastRTPS: /opt/ros/jazzy/include (Required is at least version "2.13") \n'}
[16.395193] (robotarm_software) StdoutLine: {'line': b"-- Using RMW implementation 'rmw_fastrtps_cpp' as default\n"}
[16.456876] (-) TimerEvent: {}
[16.508867] (robotarm_software) StdoutLine: {'line': b'-- Found rclpy: 7.1.11 (/opt/ros/jazzy/share/rclpy/cmake)\n'}
[16.513431] (robotarm_software) StdoutLine: {'line': b'-- Found std_msgs: 5.3.7 (/opt/ros/jazzy/share/std_msgs/cmake)\n'}
[16.535380] (robotarm_software) StdoutLine: {'line': b'-- Found sensor_msgs: 5.3.7 (/opt/ros/jazzy/share/sensor_msgs/cmake)\n'}
[16.556947] (-) TimerEvent: {}
[16.593472] (robotarm_software) StdoutLine: {'line': b'-- Found control_msgs: 5.9.0 (/opt/ros/jazzy/share/control_msgs/cmake)\n'}
[16.657032] (-) TimerEvent: {}
[16.724048] (robotarm_software) StdoutLine: {'line': b'-- Found moveit_ros_planning_interface: 2.12.4 (/opt/ros/jazzy/share/moveit_ros_planning_interface/cmake)\n'}
[16.757131] (-) TimerEvent: {}
[16.857467] (-) TimerEvent: {}
[16.951523] (robotarm_software) StdoutLine: {'line': b'-- Found Boost: /usr/lib/aarch64-linux-gnu/cmake/Boost-1.83.0/BoostConfig.cmake (found version "1.83.0") found components: date_time filesystem program_options system thread \n'}
[16.957538] (-) TimerEvent: {}
[17.057807] (-) TimerEvent: {}
[17.158078] (-) TimerEvent: {}
[17.258308] (-) TimerEvent: {}
[17.261591] (robotarm_software) StdoutLine: {'line': b'-- Found Boost: /usr/lib/aarch64-linux-gnu/cmake/Boost-1.83.0/BoostConfig.cmake (found version "1.83.0") found components: chrono date_time filesystem iostreams program_options regex serialization system thread \n'}
[17.358391] (-) TimerEvent: {}
[17.398032] (robotarm_software) StdoutLine: {'line': b'-- Found parameter_traits: 0.7.1 (/opt/ros/jazzy/share/parameter_traits/cmake)\n'}
[17.444526] (robotarm_software) StdoutLine: {'line': b'-- Found rclcpp_lifecycle: 28.1.18 (/opt/ros/jazzy/share/rclcpp_lifecycle/cmake)\n'}
[17.458466] (-) TimerEvent: {}
[17.504956] (robotarm_software) StdoutLine: {'line': b'-- Found Boost: /usr/lib/aarch64-linux-gnu/cmake/Boost-1.83.0/BoostConfig.cmake (found version "1.83.0") found components: filesystem \n'}
[17.558590] (-) TimerEvent: {}
[17.630963] (robotarm_software) StdoutLine: {'line': b'-- Found Eigen3: TRUE (found version "3.4.0") \n'}
[17.631233] (robotarm_software) StdoutLine: {'line': b'-- Ensuring Eigen3 include directory is part of orocos-kdl CMake target\n'}
[17.658662] (-) TimerEvent: {}
[17.758928] (-) TimerEvent: {}
[17.859222] (-) TimerEvent: {}
[17.959528] (-) TimerEvent: {}
[17.965151] (robotarm_software) StdoutLine: {'line': b'-- Found Boost: /usr/lib/aarch64-linux-gnu/cmake/Boost-1.83.0/BoostConfig.cmake (found version "1.83.0") found components: system filesystem date_time program_options thread chrono \n'}
[18.043369] (robotarm_software) StdoutLine: {'line': b'-- Found Boost: /usr/lib/aarch64-linux-gnu/cmake/Boost-1.83.0/BoostConfig.cmake (found version "1.83.0") found components: thread system filesystem regex date_time program_options \n'}
[18.059606] (-) TimerEvent: {}
[18.092256] (robotarm_software) StdoutLine: {'line': b'-- Found Boost: /usr/lib/aarch64-linux-gnu/cmake/Boost-1.83.0/BoostConfig.cmake (found version "1.83.0") found components: system filesystem date_time program_options thread \n'}
[18.159714] (-) TimerEvent: {}
[18.260030] (-) TimerEvent: {}
[18.360379] (-) TimerEvent: {}
[18.372732] (robotarm_software) StdoutLine: {'line': b'-- Found ament_lint_auto: 0.17.5 (/opt/ros/jazzy/share/ament_lint_auto/cmake)\n'}
[18.460468] (-) TimerEvent: {}
[18.560781] (-) TimerEvent: {}
[18.609438] (robotarm_software) StdoutLine: {'line': b"-- Added test 'copyright' to check source files copyright and LICENSE\n"}
[18.620519] (robotarm_software) StdoutLine: {'line': b"-- Added test 'cppcheck' to perform static code analysis on C / C++ code\n"}
[18.620807] (robotarm_software) StdoutLine: {'line': b'-- Configured cppcheck include dirs: \n'}
[18.620966] (robotarm_software) StdoutLine: {'line': b'-- Configured cppcheck exclude dirs and/or files: \n'}
[18.625008] (robotarm_software) StdoutLine: {'line': b"-- Added test 'cpplint' to check C / C++ code against the Google style\n"}
[18.625146] (robotarm_software) StdoutLine: {'line': b'-- Configured cpplint exclude dirs and/or files: \n'}
[18.627098] (robotarm_software) StdoutLine: {'line': b"-- Added test 'flake8' to check Python code syntax and style conventions\n"}
[18.627234] (robotarm_software) StdoutLine: {'line': b"-- Configured 'flake8' exclude dirs and/or files: \n"}
[18.629504] (robotarm_software) StdoutLine: {'line': b"-- Added test 'lint_cmake' to check CMake code style\n"}
[18.631447] (robotarm_software) StdoutLine: {'line': b"-- Added test 'pep257' to check Python code against some of the docstring style conventions in PEP 257\n"}
[18.635535] (robotarm_software) StdoutLine: {'line': b"-- Added test 'uncrustify' to check C / C++ code style\n"}
[18.635661] (robotarm_software) StdoutLine: {'line': b'-- Configured uncrustify additional arguments: \n'}
[18.637589] (robotarm_software) StdoutLine: {'line': b"-- Added test 'xmllint' to check XML markup files\n"}
[18.640644] (robotarm_software) StdoutLine: {'line': b'-- Configuring done (3.8s)\n'}
[18.660885] (-) TimerEvent: {}
[18.721990] (robotarm_software) StdoutLine: {'line': b'-- Generating done (0.1s)\n'}
[18.734570] (robotarm_software) StdoutLine: {'line': b'-- Build files have been written to: /home/admin/robotarm/build/robotarm_software\n'}
[18.760997] (-) TimerEvent: {}
[18.765216] (robotarm_software) CommandEnded: {'returncode': 0}
[18.765995] (robotarm_software) JobProgress: {'identifier': 'robotarm_software', 'progress': 'build'}
[18.766405] (robotarm_software) Command: {'cmd': ['/usr/bin/cmake', '--build', '/home/admin/robotarm/build/robotarm_software', '--', '-j4', '-l4'], 'cwd': '/home/admin/robotarm/build/robotarm_software', 'env': OrderedDict({'LESSOPEN': '| /usr/bin/lesspipe %s', 'USER': 'admin', 'SSH_CLIENT': '192.168.137.1 57569 22', 'GZ_CONFIG_PATH': '/opt/ros/jazzy/opt/sdformat_vendor/share/gz', 'XDG_SESSION_TYPE': 'tty', 'SHLVL': '1', 'LD_LIBRARY_PATH': '/home/admin/robotarm/install/robotarm_hardware/lib:/home/admin/robotarm/ROS_WS/install/robotarm_hardware/lib:/home/admin/robotarm/ROS_WS/install/robotarm_fake_hardware/lib:/home/admin/robotarm/ROS_WS/install/adi_4dof_ik_kinematics_plugin/lib:/opt/ros/jazzy/opt/sdformat_vendor/lib:/opt/ros/jazzy/opt/rviz_ogre_vendor/lib:/opt/ros/jazzy/lib/aarch64-linux-gnu:/opt/ros/jazzy/opt/gz_math_vendor/lib:/opt/ros/jazzy/opt/gz_utils_vendor/lib:/opt/ros/jazzy/opt/gz_tools_vendor/lib:/opt/ros/jazzy/opt/gz_cmake_vendor/lib:/opt/ros/jazzy/lib', 'HOME': '/home/admin', 'OLDPWD': '/home/admin', 'SSH_TTY': '/dev/pts/0', 'ROS_PYTHON_VERSION': '3', 'DBUS_SESSION_BUS_ADDRESS': 'unix:path=/run/user/1000/bus', 'COLCON_PREFIX_PATH': '/home/admin/robotarm/ROS_WS/install', 'ROS_DISTRO': 'jazzy', 'LOGNAME': 'admin', '_': '/usr/bin/colcon', 'ROS_VERSION': '2', 'XDG_SESSION_CLASS': 'user', 'TERM': 'xterm-256color', 'XDG_SESSION_ID': '1', 'PATH': '/opt/ros/jazzy/opt/gz_tools_vendor/bin:/opt/ros/jazzy/bin:/usr/local/sbin:/usr/local/bin:/usr/sbin:/usr/bin:/sbin:/bin:/usr/games:/usr/local/games:/snap/bin', 'XDG_RUNTIME_DIR': '/run/user/1000', 'LANG': 'en_US.UTF-8', 'LS_COLORS': 'rs=0:di=01;34:ln=01;36:mh=00:pi=40;33:so=01;35:do=01;35:bd=40;33;01:cd=40;33;01:or=40;31;01:mi=00:su=37;41:sg=30;43:ca=00:tw=30;42:ow=34;42:st=37;44:ex=01;32:*.tar=01;31:*.tgz=01;31:*.arc=01;31:*.arj=01;31:*.taz=01;31:*.lha=01;31:*.lz4=01;31:*.lzh=01;31:*.lzma=01;31:*.tlz=01;31:*.txz=01;31:*.tzo=01;31:*.t7z=01;31:*.zip=01;31:*.z=01;31:*.dz=01;31:*.gz=01;31:*.lrz=01;31:*.lz=01;31:*.lzo=01;31:*.xz=01;31:*.zst=01;31:*.tzst=01;31:*.bz2=01;31:*.bz=01;31:*.tbz=01;31:*.tbz2=01;31:*.tz=01;31:*.deb=01;31:*.rpm=01;31:*.jar=01;31:*.war=01;31:*.ear=01;31:*.sar=01;31:*.rar=01;31:*.alz=01;31:*.ace=01;31:*.zoo=01;31:*.cpio=01;31:*.7z=01;31:*.rz=01;31:*.cab=01;31:*.wim=01;31:*.swm=01;31:*.dwm=01;31:*.esd=01;31:*.avif=01;35:*.jpg=01;35:*.jpeg=01;35:*.mjpg=01;35:*.mjpeg=01;35:*.gif=01;35:*.bmp=01;35:*.pbm=01;35:*.pgm=01;35:*.ppm=01;35:*.tga=01;35:*.xbm=01;35:*.xpm=01;35:*.tif=01;35:*.tiff=01;35:*.png=01;35:*.svg=01;35:*.svgz=01;35:*.mng=01;35:*.pcx=01;35:*.mov=01;35:*.mpg=01;35:*.mpeg=01;35:*.m2v=01;35:*.mkv=01;35:*.webm=01;35:*.webp=01;35:*.ogm=01;35:*.mp4=01;35:*.m4v=01;35:*.mp4v=01;35:*.vob=01;35:*.qt=01;35:*.nuv=01;35:*.wmv=01;35:*.asf=01;35:*.rm=01;35:*.rmvb=01;35:*.flc=01;35:*.avi=01;35:*.fli=01;35:*.flv=01;35:*.gl=01;35:*.dl=01;35:*.xcf=01;35:*.xwd=01;35:*.yuv=01;35:*.cgm=01;35:*.emf=01;35:*.ogv=01;35:*.ogx=01;35:*.aac=00;36:*.au=00;36:*.flac=00;36:*.m4a=00;36:*.mid=00;36:*.midi=00;36:*.mka=00;36:*.mp3=00;36:*.mpc=00;36:*.ogg=00;36:*.ra=00;36:*.wav=00;36:*.oga=00;36:*.opus=00;36:*.spx=00;36:*.xspf=00;36:*~=00;90:*#=00;90:*.bak=00;90:*.crdownload=00;90:*.dpkg-dist=00;90:*.dpkg-new=00;90:*.dpkg-old=00;90:*.dpkg-tmp=00;90:*.old=00;90:*.orig=00;90:*.part=00;90:*.rej=00;90:*.rpmnew=00;90:*.rpmorig=00;90:*.rpmsave=00;90:*.swp=00;90:*.tmp=00;90:*.ucf-dist=00;90:*.ucf-new=00;90:*.ucf-old=00;90:', 'AMENT_PREFIX_PATH': '/home/admin/robotarm/install/robotarm_hardware:/home/admin/robotarm/ROS_WS/install/vision_tracker:/home/admin/robotarm/ROS_WS/install/robotarm_path_planning:/home/admin/robotarm/ROS_WS/install/robotarm_moveit_config:/home/admin/robotarm/ROS_WS/install/robotarm_software:/home/admin/robotarm/ROS_WS/install/robotarm_hardware:/home/admin/robotarm/ROS_WS/install/robotarm_fake_hardware:/home/admin/robotarm/ROS_WS/install/robot_moveit_config:/home/admin/robotarm/ROS_WS/install/point_motion:/home/admin/robotarm/ROS_WS/install/moveit_3dof:/home/admin/robotarm/ROS_WS/install/adi_tmcm_bb4:/home/admin/robotarm/ROS_WS/install/adi_robotarm_moveit_config:/home/admin/robotarm/ROS_WS/install/adi_robotarm:/home/admin/robotarm/ROS_WS/install/adi_4dof_ik:/home/admin/robotarm/ROS_WS/install/adi_4dof_ik_kinematics_plugin:/home/admin/robotarm/ROS_WS/install/adi_4dof_endeffector_xyz:/opt/ros/jazzy', 'SHELL': '/bin/bash', 'LESSCLOSE': '/usr/bin/lesspipe %s %s', 'ROS_AUTOMATIC_DISCOVERY_RANGE': 'SUBNET', 'PWD': '/home/admin/robotarm/build/robotarm_software', 'LC_ALL': 'en_US.UTF-8', 'SSH_CONNECTION': '192.168.137.1 57569 192.168.137.2 22', 'XDG_DATA_DIRS': '/usr/local/share:/usr/share:/var/lib/snapd/desktop', 'PYTHONPATH': '/home/admin/robotarm/ROS_WS/install/vision_tracker/lib/python3.12/site-packages:/home/admin/robotarm/ROS_WS/install/robotarm_software/lib/python3.12/site-packages:/opt/ros/jazzy/lib/python3.12/site-packages', 'COLCON': '1', 'CMAKE_PREFIX_PATH': '/home/admin/robotarm/install/robotarm_hardware:/home/admin/robotarm/ROS_WS/install/robotarm_path_planning:/home/admin/robotarm/ROS_WS/install/robotarm_moveit_config:/home/admin/robotarm/ROS_WS/install/robotarm_software:/home/admin/robotarm/ROS_WS/install/robotarm_hardware:/home/admin/robotarm/ROS_WS/install/robotarm_fake_hardware:/home/admin/robotarm/ROS_WS/install/robot_moveit_config:/home/admin/robotarm/ROS_WS/install/point_motion:/home/admin/robotarm/ROS_WS/install/moveit_3dof:/home/admin/robotarm/ROS_WS/install/adi_tmcm_bb4:/home/admin/robotarm/ROS_WS/install/adi_robotarm_moveit_config:/home/admin/robotarm/ROS_WS/install/adi_robotarm:/home/admin/robotarm/ROS_WS/install/adi_4dof_ik:/home/admin/robotarm/ROS_WS/install/adi_4dof_ik_kinematics_plugin:/home/admin/robotarm/ROS_WS/install/adi_4dof_endeffector_xyz:/opt/ros/jazzy/opt/sdformat_vendor:/opt/ros/jazzy/opt/gz_math_vendor:/opt/ros/jazzy/opt/gz_utils_vendor:/opt/ros/jazzy/opt/gz_tools_vendor:/opt/ros/jazzy/opt/gz_cmake_vendor:/home/admin/robotarm/ROS_WS/install/vision_tracker:/opt/ros/jazzy'}), 'shell': False}
[18.861135] (-) TimerEvent: {}
[18.863405] (robotarm_software) StdoutLine: {'line': b'[ 50%] \x1b[32mBuilding CXX object CMakeFiles/hotspot_path_planner.dir/src/hotspot_path_planner.cpp.o\x1b[0m\n'}
[18.894272] (robotarm_software) StdoutLine: {'line': b'[ 50%] Built target ament_cmake_python_copy_robotarm_software\n'}
[18.961240] (-) TimerEvent: {}
[19.061633] (-) TimerEvent: {}
[19.161962] (-) TimerEvent: {}
[19.200518] (robotarm_software) StdoutLine: {'line': b'running egg_info\n'}
[19.201788] (robotarm_software) StdoutLine: {'line': b'creating robotarm_software.egg-info\n'}
[19.227980] (robotarm_software) StdoutLine: {'line': b'writing robotarm_software.egg-info/PKG-INFO\n'}
[19.228346] (robotarm_software) StdoutLine: {'line': b'writing dependency_links to robotarm_software.egg-info/dependency_links.txt\n'}
[19.228610] (robotarm_software) StdoutLine: {'line': b'writing top-level names to robotarm_software.egg-info/top_level.txt\n'}
[19.228785] (robotarm_software) StdoutLine: {'line': b"writing manifest file 'robotarm_software.egg-info/SOURCES.txt'\n"}
[19.262032] (-) TimerEvent: {}
[19.300306] (robotarm_software) StdoutLine: {'line': b"reading manifest file 'robotarm_software.egg-info/SOURCES.txt'\n"}
[19.301234] (robotarm_software) StdoutLine: {'line': b"writing manifest file 'robotarm_software.egg-info/SOURCES.txt'\n"}
[19.362171] (-) TimerEvent: {}
[19.383610] (robotarm_software) StdoutLine: {'line': b'[ 50%] Built target ament_cmake_python_build_robotarm_software_egg\n'}
[19.462292] (-) TimerEvent: {}
[19.562647] (-) TimerEvent: {}
[19.663012] (-) TimerEvent: {}
[19.763388] (-) TimerEvent: {}
[19.863835] (-) TimerEvent: {}
[19.964273] (-) TimerEvent: {}
[20.064863] (-) TimerEvent: {}
[20.165186] (-) TimerEvent: {}
[20.265512] (-) TimerEvent: {}
[20.365872] (-) TimerEvent: {}
[20.466202] (-) TimerEvent: {}
[20.566569] (-) TimerEvent: {}
[20.666924] (-) TimerEvent: {}
[20.767292] (-) TimerEvent: {}
[20.867647] (-) TimerEvent: {}
[20.967897] (-) TimerEvent: {}
[21.068148] (-) TimerEvent: {}
[21.168381] (-) TimerEvent: {}
[21.268647] (-) TimerEvent: {}
[21.368874] (-) TimerEvent: {}
[21.469082] (-) TimerEvent: {}
[21.569302] (-) TimerEvent: {}
[21.669543] (-) TimerEvent: {}
[21.769792] (-) TimerEvent: {}
[21.870095] (-) TimerEvent: {}
[21.970323] (-) TimerEvent: {}
[22.070545] (-) TimerEvent: {}
[22.170769] (-) TimerEvent: {}
[22.270995] (-) TimerEvent: {}
[22.371225] (-) TimerEvent: {}
[22.471444] (-) TimerEvent: {}
[22.571669] (-) TimerEvent: {}
[22.671916] (-) TimerEvent: {}
[22.772179] (-) TimerEvent: {}
[22.872480] (-) TimerEvent: {}
[22.972753] (-) TimerEvent: {}
[23.073024] (-) TimerEvent: {}
[23.173273] (-) TimerEvent: {}
[23.273505] (-) TimerEvent: {}
[23.373729] (-) TimerEvent: {}
[23.474020] (-) TimerEvent: {}
[23.888786] (-) TimerEvent: {}
[23.989100] (-) TimerEvent: {}
[24.089356] (-) TimerEvent: {}
[24.189582] (-) TimerEvent: {}
[24.289804] (-) TimerEvent: {}
[24.390030] (-) TimerEvent: {}
[24.490260] (-) TimerEvent: {}
[24.590494] (-) TimerEvent: {}
[24.690744] (-) TimerEvent: {}
[24.791010] (-) TimerEvent: {}
[24.891273] (-) TimerEvent: {}
[24.991510] (-) TimerEvent: {}
[25.091732] (-) TimerEvent: {}
[25.191962] (-) TimerEvent: {}
[25.292170] (-) TimerEvent: {}
[25.392372] (-) TimerEvent: {}
[25.492576] (-) TimerEvent: {}
[25.592828] (-) TimerEvent: {}
[25.693142] (-) TimerEvent: {}
[25.793476] (-) TimerEvent: {}
[25.893777] (-) TimerEvent: {}
[25.994040] (-) TimerEvent: {}
[26.094262] (-) TimerEvent: {}
[26.194468] (-) TimerEvent: {}
[26.294665] (-) TimerEvent: {}
[26.394867] (-) TimerEvent: {}
[26.495083] (-) TimerEvent: {}
[26.595381] (-) TimerEvent: {}
[26.695647] (-) TimerEvent: {}
[26.795932] (-) TimerEvent: {}
[26.896198] (-) TimerEvent: {}
[26.996426] (-) TimerEvent: {}
[27.096644] (-) TimerEvent: {}
[27.196852] (-) TimerEvent: {}
[27.297048] (-) TimerEvent: {}
[27.397237] (-) TimerEvent: {}
[27.497423] (-) TimerEvent: {}
[27.597635] (-) TimerEvent: {}
[27.697896] (-) TimerEvent: {}
[27.798150] (-) TimerEvent: {}
[27.898427] (-) TimerEvent: {}
[27.998675] (-) TimerEvent: {}
[28.098895] (-) TimerEvent: {}
[28.199096] (-) TimerEvent: {}
[28.299285] (-) TimerEvent: {}
[28.399519] (-) TimerEvent: {}
[28.499865] (-) TimerEvent: {}
[28.600184] (-) TimerEvent: {}
[28.700481] (-) TimerEvent: {}
[28.800782] (-) TimerEvent: {}
[28.901106] (-) TimerEvent: {}
[29.001397] (-) TimerEvent: {}
[29.101674] (-) TimerEvent: {}
[29.201932] (-) TimerEvent: {}
[29.302185] (-) TimerEvent: {}
[29.402441] (-) TimerEvent: {}
[29.502755] (-) TimerEvent: {}
[29.603039] (-) TimerEvent: {}
[29.703338] (-) TimerEvent: {}
[29.803659] (-) TimerEvent: {}
[29.903974] (-) TimerEvent: {}
[30.004257] (-) TimerEvent: {}
[30.104537] (-) TimerEvent: {}
[30.204793] (-) TimerEvent: {}
[30.305063] (-) TimerEvent: {}
[30.405348] (-) TimerEvent: {}
[30.505678] (-) TimerEvent: {}
[30.606064] (-) TimerEvent: {}
[30.706368] (-) TimerEvent: {}
[30.806671] (-) TimerEvent: {}
[30.906956] (-) TimerEvent: {}
[31.007264] (-) TimerEvent: {}
[31.107541] (-) TimerEvent: {}
[31.207811] (-) TimerEvent: {}
[31.308087] (-) TimerEvent: {}
[31.408346] (-) TimerEvent: {}
[31.508605] (-) TimerEvent: {}
[31.608900] (-) TimerEvent: {}
[31.709214] (-) TimerEvent: {}
[31.809535] (-) TimerEvent: {}
[31.909806] (-) TimerEvent: {}
[32.010036] (-) TimerEvent: {}
[32.110254] (-) TimerEvent: {}
[32.210469] (-) TimerEvent: {}
[32.310670] (-) TimerEvent: {}
[32.410878] (-) TimerEvent: {}
[32.511089] (-) TimerEvent: {}
[32.611306] (-) TimerEvent: {}
[32.711548] (-) TimerEvent: {}
[32.811789] (-) TimerEvent: {}
[32.912110] (-) TimerEvent: {}
[33.012358] (-) TimerEvent: {}
[33.112602] (-) TimerEvent: {}
[33.212809] (-) TimerEvent: {}
[33.313027] (-) TimerEvent: {}
[33.413238] (-) TimerEvent: {}
[33.513452] (-) TimerEvent: {}
[33.613714] (-) TimerEvent: {}
[33.714073] (-) TimerEvent: {}
[33.814342] (-) TimerEvent: {}
[33.914597] (-) TimerEvent: {}
[34.014818] (-) TimerEvent: {}
[34.115060] (-) TimerEvent: {}
[34.215267] (-) TimerEvent: {}
[34.315466] (-) TimerEvent: {}
[34.415662] (-) TimerEvent: {}
[34.515867] (-) TimerEvent: {}
[34.616103] (-) TimerEvent: {}
[34.716359] (-) TimerEvent: {}
[34.816592] (-) TimerEvent: {}
[34.916878] (-) TimerEvent: {}
[35.017105] (-) TimerEvent: {}
[35.117319] (-) TimerEvent: {}
[35.217522] (-) TimerEvent: {}
[35.317730] (-) TimerEvent: {}
[35.417922] (-) TimerEvent: {}
[35.518135] (-) TimerEvent: {}
[35.618416] (-) TimerEvent: {}
[35.718718] (-) TimerEvent: {}
[35.818985] (-) TimerEvent: {}
[35.919246] (-) TimerEvent: {}
[36.019463] (-) TimerEvent: {}
[36.119661] (-) TimerEvent: {}
[36.219863] (-) TimerEvent: {}
[36.320066] (-) TimerEvent: {}
[36.420285] (-) TimerEvent: {}
[36.520497] (-) TimerEvent: {}
[36.620758] (-) TimerEvent: {}
[36.721213] (-) TimerEvent: {}
[36.821597] (-) TimerEvent: {}
[36.922011] (-) TimerEvent: {}
[37.022351] (-) TimerEvent: {}
[37.122693] (-) TimerEvent: {}
[37.223127] (-) TimerEvent: {}
[37.323626] (-) TimerEvent: {}
[37.424181] (-) TimerEvent: {}
[37.502471] (robotarm_software) StdoutLine: {'line': b'[100%] \x1b[32m\x1b[1mLinking CXX executable hotspot_path_planner\x1b[0m\n'}
[37.524307] (-) TimerEvent: {}
[37.624713] (-) TimerEvent: {}
[37.725281] (-) TimerEvent: {}
[37.825672] (-) TimerEvent: {}
[37.926091] (-) TimerEvent: {}
[38.026501] (-) TimerEvent: {}
[38.126959] (-) TimerEvent: {}
[38.227304] (-) TimerEvent: {}
[38.327731] (-) TimerEvent: {}
[38.428251] (-) TimerEvent: {}
[38.528561] (-) TimerEvent: {}
[38.628882] (-) TimerEvent: {}
[38.729330] (-) TimerEvent: {}
[38.829732] (-) TimerEvent: {}
[38.930069] (-) TimerEvent: {}
[39.030403] (-) TimerEvent: {}
[39.130723] (-) TimerEvent: {}
[39.230995] (-) TimerEvent: {}
[39.331270] (-) TimerEvent: {}
[39.423451] (robotarm_software) StdoutLine: {'line': b'[100%] Built target hotspot_path_planner\n'}
[39.431429] (-) TimerEvent: {}
[39.444733] (robotarm_software) CommandEnded: {'returncode': 0}
[39.445480] (robotarm_software) JobProgress: {'identifier': 'robotarm_software', 'progress': 'install'}
[39.445903] (robotarm_software) Command: {'cmd': ['/usr/bin/cmake', '--install', '/home/admin/robotarm/build/robotarm_software'], 'cwd': '/home/admin/robotarm/build/robotarm_software', 'env': OrderedDict({'LESSOPEN': '| /usr/bin/lesspipe %s', 'USER': 'admin', 'SSH_CLIENT': '192.168.137.1 57569 22', 'GZ_CONFIG_PATH': '/opt/ros/jazzy/opt/sdformat_vendor/share/gz', 'XDG_SESSION_TYPE': 'tty', 'SHLVL': '1', 'LD_LIBRARY_PATH': '/home/admin/robotarm/install/robotarm_hardware/lib:/home/admin/robotarm/ROS_WS/install/robotarm_hardware/lib:/home/admin/robotarm/ROS_WS/install/robotarm_fake_hardware/lib:/home/admin/robotarm/ROS_WS/install/adi_4dof_ik_kinematics_plugin/lib:/opt/ros/jazzy/opt/sdformat_vendor/lib:/opt/ros/jazzy/opt/rviz_ogre_vendor/lib:/opt/ros/jazzy/lib/aarch64-linux-gnu:/opt/ros/jazzy/opt/gz_math_vendor/lib:/opt/ros/jazzy/opt/gz_utils_vendor/lib:/opt/ros/jazzy/opt/gz_tools_vendor/lib:/opt/ros/jazzy/opt/gz_cmake_vendor/lib:/opt/ros/jazzy/lib', 'HOME': '/home/admin', 'OLDPWD': '/home/admin', 'SSH_TTY': '/dev/pts/0', 'ROS_PYTHON_VERSION': '3', 'DBUS_SESSION_BUS_ADDRESS': 'unix:path=/run/user/1000/bus', 'COLCON_PREFIX_PATH': '/home/admin/robotarm/ROS_WS/install', 'ROS_DISTRO': 'jazzy', 'LOGNAME': 'admin', '_': '/usr/bin/colcon', 'ROS_VERSION': '2', 'XDG_SESSION_CLASS': 'user', 'TERM': 'xterm-256color', 'XDG_SESSION_ID': '1', 'PATH': '/opt/ros/jazzy/opt/gz_tools_vendor/bin:/opt/ros/jazzy/bin:/usr/local/sbin:/usr/local/bin:/usr/sbin:/usr/bin:/sbin:/bin:/usr/games:/usr/local/games:/snap/bin', 'XDG_RUNTIME_DIR': '/run/user/1000', 'LANG': 'en_US.UTF-8', 'LS_COLORS': 'rs=0:di=01;34:ln=01;36:mh=00:pi=40;33:so=01;35:do=01;35:bd=40;33;01:cd=40;33;01:or=40;31;01:mi=00:su=37;41:sg=30;43:ca=00:tw=30;42:ow=34;42:st=37;44:ex=01;32:*.tar=01;31:*.tgz=01;31:*.arc=01;31:*.arj=01;31:*.taz=01;31:*.lha=01;31:*.lz4=01;31:*.lzh=01;31:*.lzma=01;31:*.tlz=01;31:*.txz=01;31:*.tzo=01;31:*.t7z=01;31:*.zip=01;31:*.z=01;31:*.dz=01;31:*.gz=01;31:*.lrz=01;31:*.lz=01;31:*.lzo=01;31:*.xz=01;31:*.zst=01;31:*.tzst=01;31:*.bz2=01;31:*.bz=01;31:*.tbz=01;31:*.tbz2=01;31:*.tz=01;31:*.deb=01;31:*.rpm=01;31:*.jar=01;31:*.war=01;31:*.ear=01;31:*.sar=01;31:*.rar=01;31:*.alz=01;31:*.ace=01;31:*.zoo=01;31:*.cpio=01;31:*.7z=01;31:*.rz=01;31:*.cab=01;31:*.wim=01;31:*.swm=01;31:*.dwm=01;31:*.esd=01;31:*.avif=01;35:*.jpg=01;35:*.jpeg=01;35:*.mjpg=01;35:*.mjpeg=01;35:*.gif=01;35:*.bmp=01;35:*.pbm=01;35:*.pgm=01;35:*.ppm=01;35:*.tga=01;35:*.xbm=01;35:*.xpm=01;35:*.tif=01;35:*.tiff=01;35:*.png=01;35:*.svg=01;35:*.svgz=01;35:*.mng=01;35:*.pcx=01;35:*.mov=01;35:*.mpg=01;35:*.mpeg=01;35:*.m2v=01;35:*.mkv=01;35:*.webm=01;35:*.webp=01;35:*.ogm=01;35:*.mp4=01;35:*.m4v=01;35:*.mp4v=01;35:*.vob=01;35:*.qt=01;35:*.nuv=01;35:*.wmv=01;35:*.asf=01;35:*.rm=01;35:*.rmvb=01;35:*.flc=01;35:*.avi=01;35:*.fli=01;35:*.flv=01;35:*.gl=01;35:*.dl=01;35:*.xcf=01;35:*.xwd=01;35:*.yuv=01;35:*.cgm=01;35:*.emf=01;35:*.ogv=01;35:*.ogx=01;35:*.aac=00;36:*.au=00;36:*.flac=00;36:*.m4a=00;36:*.mid=00;36:*.midi=00;36:*.mka=00;36:*.mp3=00;36:*.mpc=00;36:*.ogg=00;36:*.ra=00;36:*.wav=00;36:*.oga=00;36:*.opus=00;36:*.spx=00;36:*.xspf=00;36:*~=00;90:*#=00;90:*.bak=00;90:*.crdownload=00;90:*.dpkg-dist=00;90:*.dpkg-new=00;90:*.dpkg-old=00;90:*.dpkg-tmp=00;90:*.old=00;90:*.orig=00;90:*.part=00;90:*.rej=00;90:*.rpmnew=00;90:*.rpmorig=00;90:*.rpmsave=00;90:*.swp=00;90:*.tmp=00;90:*.ucf-dist=00;90:*.ucf-new=00;90:*.ucf-old=00;90:', 'AMENT_PREFIX_PATH': '/home/admin/robotarm/install/robotarm_hardware:/home/admin/robotarm/ROS_WS/install/vision_tracker:/home/admin/robotarm/ROS_WS/install/robotarm_path_planning:/home/admin/robotarm/ROS_WS/install/robotarm_moveit_config:/home/admin/robotarm/ROS_WS/install/robotarm_software:/home/admin/robotarm/ROS_WS/install/robotarm_hardware:/home/admin/robotarm/ROS_WS/install/robotarm_fake_hardware:/home/admin/robotarm/ROS_WS/install/robot_moveit_config:/home/admin/robotarm/ROS_WS/install/point_motion:/home/admin/robotarm/ROS_WS/install/moveit_3dof:/home/admin/robotarm/ROS_WS/install/adi_tmcm_bb4:/home/admin/robotarm/ROS_WS/install/adi_robotarm_moveit_config:/home/admin/robotarm/ROS_WS/install/adi_robotarm:/home/admin/robotarm/ROS_WS/install/adi_4dof_ik:/home/admin/robotarm/ROS_WS/install/adi_4dof_ik_kinematics_plugin:/home/admin/robotarm/ROS_WS/install/adi_4dof_endeffector_xyz:/opt/ros/jazzy', 'SHELL': '/bin/bash', 'LESSCLOSE': '/usr/bin/lesspipe %s %s', 'ROS_AUTOMATIC_DISCOVERY_RANGE': 'SUBNET', 'PWD': '/home/admin/robotarm/build/robotarm_software', 'LC_ALL': 'en_US.UTF-8', 'SSH_CONNECTION': '192.168.137.1 57569 192.168.137.2 22', 'XDG_DATA_DIRS': '/usr/local/share:/usr/share:/var/lib/snapd/desktop', 'PYTHONPATH': '/home/admin/robotarm/ROS_WS/install/vision_tracker/lib/python3.12/site-packages:/home/admin/robotarm/ROS_WS/install/robotarm_software/lib/python3.12/site-packages:/opt/ros/jazzy/lib/python3.12/site-packages', 'COLCON': '1', 'CMAKE_PREFIX_PATH': '/home/admin/robotarm/install/robotarm_hardware:/home/admin/robotarm/ROS_WS/install/robotarm_path_planning:/home/admin/robotarm/ROS_WS/install/robotarm_moveit_config:/home/admin/robotarm/ROS_WS/install/robotarm_software:/home/admin/robotarm/ROS_WS/install/robotarm_hardware:/home/admin/robotarm/ROS_WS/install/robotarm_fake_hardware:/home/admin/robotarm/ROS_WS/install/robot_moveit_config:/home/admin/robotarm/ROS_WS/install/point_motion:/home/admin/robotarm/ROS_WS/install/moveit_3dof:/home/admin/robotarm/ROS_WS/install/adi_tmcm_bb4:/home/admin/robotarm/ROS_WS/install/adi_robotarm_moveit_config:/home/admin/robotarm/ROS_WS/install/adi_robotarm:/home/admin/robotarm/ROS_WS/install/adi_4dof_ik:/home/admin/robotarm/ROS_WS/install/adi_4dof_ik_kinematics_plugin:/home/admin/robotarm/ROS_WS/install/adi_4dof_endeffector_xyz:/opt/ros/jazzy/opt/sdformat_vendor:/opt/ros/jazzy/opt/gz_math_vendor:/opt/ros/jazzy/opt/gz_utils_vendor:/opt/ros/jazzy/opt/gz_tools_vendor:/opt/ros/jazzy/opt/gz_cmake_vendor:/home/admin/robotarm/ROS_WS/install/vision_tracker:/opt/ros/jazzy'}), 'shell': False}
[39.462061] (robotarm_software) StdoutLine: {'line': b'-- Install configuration: ""\n'}
[39.462397] (robotarm_software) StdoutLine: {'line': b'-- Installing: /home/admin/robotarm/install/robotarm_software/share/robotarm_software/environment/pythonpath.sh\n'}
[39.462607] (robotarm_software) StdoutLine: {'line': b'-- Installing: /home/admin/robotarm/install/robotarm_software/share/robotarm_software/environment/pythonpath.dsv\n'}
[39.462795] (robotarm_software) StdoutLine: {'line': b'-- Installing: /home/admin/robotarm/install/robotarm_software/lib/python3.12/site-packages/robotarm_software-0.0.0-py3.12.egg-info\n'}
[39.463325] (robotarm_software) StdoutLine: {'line': b'-- Installing: /home/admin/robotarm/install/robotarm_software/lib/python3.12/site-packages/robotarm_software-0.0.0-py3.12.egg-info/dependency_links.txt\n'}
[39.463491] (robotarm_software) StdoutLine: {'line': b'-- Installing: /home/admin/robotarm/install/robotarm_software/lib/python3.12/site-packages/robotarm_software-0.0.0-py3.12.egg-info/SOURCES.txt\n'}
[39.463638] (robotarm_software) StdoutLine: {'line': b'-- Installing: /home/admin/robotarm/install/robotarm_software/lib/python3.12/site-packages/robotarm_software-0.0.0-py3.12.egg-info/top_level.txt\n'}
[39.463781] (robotarm_software) StdoutLine: {'line': b'-- Installing: /home/admin/robotarm/install/robotarm_software/lib/python3.12/site-packages/robotarm_software-0.0.0-py3.12.egg-info/PKG-INFO\n'}
[39.463990] (robotarm_software) StdoutLine: {'line': b'-- Installing: /home/admin/robotarm/install/robotarm_software/lib/python3.12/site-packages/robotarm_software\n'}
[39.464206] (robotarm_software) StdoutLine: {'line': b'-- Installing: /home/admin/robotarm/install/robotarm_software/lib/python3.12/site-packages/robotarm_software/safety_node.py\n'}
[39.464378] (robotarm_software) StdoutLine: {'line': b'-- Installing: /home/admin/robotarm/install/robotarm_software/lib/python3.12/site-packages/robotarm_software/velocity_test.py\n'}
[39.464529] (robotarm_software) StdoutLine: {'line': b'-- Installing: /home/admin/robotarm/install/robotarm_software/lib/python3.12/site-packages/robotarm_software/start_position_path.py\n'}
[39.464673] (robotarm_software) StdoutLine: {'line': b'-- Installing: /home/admin/robotarm/install/robotarm_software/lib/python3.12/site-packages/robotarm_software/joint_states_relay.py\n'}
[39.464799] (robotarm_software) StdoutLine: {'line': b'-- Installing: /home/admin/robotarm/install/robotarm_software/lib/python3.12/site-packages/robotarm_software/__init__.py\n'}
[39.464918] (robotarm_software) StdoutLine: {'line': b'-- Installing: /home/admin/robotarm/install/robotarm_software/lib/python3.12/site-packages/robotarm_software/hotspot_web_stream.py\n'}
[39.465054] (robotarm_software) StdoutLine: {'line': b'-- Installing: /home/admin/robotarm/install/robotarm_software/lib/python3.12/site-packages/robotarm_software/start_position_velocity.py\n'}
[39.465197] (robotarm_software) StdoutLine: {'line': b'-- Installing: /home/admin/robotarm/install/robotarm_software/lib/python3.12/site-packages/robotarm_software/hotspot_velocity.py\n'}
[39.465386] (robotarm_software) StdoutLine: {'line': b'-- Installing: /home/admin/robotarm/install/robotarm_software/lib/python3.12/site-packages/robotarm_software/safety_supervisor.py\n'}
[39.465537] (robotarm_software) StdoutLine: {'line': b'-- Installing: /home/admin/robotarm/install/robotarm_software/lib/python3.12/site-packages/robotarm_software/tool_position_velocity_control.py\n'}
[39.465683] (robotarm_software) StdoutLine: {'line': b'-- Installing: /home/admin/robotarm/install/robotarm_software/lib/python3.12/site-packages/robotarm_software/hotspot_detector.py\n'}
[39.465837] (robotarm_software) StdoutLine: {'line': b'-- Installing: /home/admin/robotarm/install/robotarm_software/lib/python3.12/site-packages/robotarm_software/evaluation.py\n'}
[39.466047] (robotarm_software) StdoutLine: {'line': b'-- Installing: /home/admin/robotarm/install/robotarm_software/lib/python3.12/site-packages/robotarm_software/joint_angle_calibration.py\n'}
[39.531520] (-) TimerEvent: {}
[39.558611] (robotarm_software) StdoutLine: {'line': b"Listing '/home/admin/robotarm/install/robotarm_software/lib/python3.12/site-packages/robotarm_software'...\n"}
[39.559032] (robotarm_software) StdoutLine: {'line': b"Compiling '/home/admin/robotarm/install/robotarm_software/lib/python3.12/site-packages/robotarm_software/__init__.py'...\n"}
[39.559133] (robotarm_software) StdoutLine: {'line': b"Compiling '/home/admin/robotarm/install/robotarm_software/lib/python3.12/site-packages/robotarm_software/evaluation.py'...\n"}
[39.559232] (robotarm_software) StdoutLine: {'line': b"Compiling '/home/admin/robotarm/install/robotarm_software/lib/python3.12/site-packages/robotarm_software/hotspot_detector.py'...\n"}
[39.559375] (robotarm_software) StdoutLine: {'line': b"Compiling '/home/admin/robotarm/install/robotarm_software/lib/python3.12/site-packages/robotarm_software/hotspot_velocity.py'...\n"}
[39.559470] (robotarm_software) StdoutLine: {'line': b"Compiling '/home/admin/robotarm/install/robotarm_software/lib/python3.12/site-packages/robotarm_software/hotspot_web_stream.py'...\n"}
[39.559551] (robotarm_software) StdoutLine: {'line': b"Compiling '/home/admin/robotarm/install/robotarm_software/lib/python3.12/site-packages/robotarm_software/joint_angle_calibration.py'...\n"}
[39.559630] (robotarm_software) StdoutLine: {'line': b"Compiling '/home/admin/robotarm/install/robotarm_software/lib/python3.12/site-packages/robotarm_software/joint_states_relay.py'...\n"}
[39.559707] (robotarm_software) StdoutLine: {'line': b"Compiling '/home/admin/robotarm/install/robotarm_software/lib/python3.12/site-packages/robotarm_software/safety_node.py'...\n"}
[39.559783] (robotarm_software) StdoutLine: {'line': b"Compiling '/home/admin/robotarm/install/robotarm_software/lib/python3.12/site-packages/robotarm_software/safety_supervisor.py'...\n"}
[39.559880] (robotarm_software) StdoutLine: {'line': b"Compiling '/home/admin/robotarm/install/robotarm_software/lib/python3.12/site-packages/robotarm_software/start_position_path.py'...\n"}
[39.559964] (robotarm_software) StdoutLine: {'line': b"Compiling '/home/admin/robotarm/install/robotarm_software/lib/python3.12/site-packages/robotarm_software/start_position_velocity.py'...\n"}
[39.560040] (robotarm_software) StdoutLine: {'line': b"Compiling '/home/admin/robotarm/install/robotarm_software/lib/python3.12/site-packages/robotarm_software/tool_position_velocity_control.py'...\n"}
[39.560118] (robotarm_software) StdoutLine: {'line': b"Compiling '/home/admin/robotarm/install/robotarm_software/lib/python3.12/site-packages/robotarm_software/velocity_test.py'...\n"}
[39.571641] (robotarm_software) StdoutLine: {'line': b'-- Installing: /home/admin/robotarm/install/robotarm_software/lib/robotarm_software/hotspot_path_planner\n'}
[39.579911] (robotarm_software) StdoutLine: {'line': b'-- Set non-toolchain portion of runtime path of "/home/admin/robotarm/install/robotarm_software/lib/robotarm_software/hotspot_path_planner" to ""\n'}
[39.580124] (robotarm_software) StdoutLine: {'line': b'-- Installing: /home/admin/robotarm/install/robotarm_software/lib/robotarm_software/safety_node.py\n'}
[39.580245] (robotarm_software) StdoutLine: {'line': b'-- Installing: /home/admin/robotarm/install/robotarm_software/lib/robotarm_software/safety_supervisor.py\n'}
[39.580392] (robotarm_software) StdoutLine: {'line': b'-- Installing: /home/admin/robotarm/install/robotarm_software/lib/robotarm_software/tool_position_velocity_control.py\n'}
[39.580534] (robotarm_software) StdoutLine: {'line': b'-- Installing: /home/admin/robotarm/install/robotarm_software/lib/robotarm_software/hotspot_detector.py\n'}
[39.580688] (robotarm_software) StdoutLine: {'line': b'-- Installing: /home/admin/robotarm/install/robotarm_software/lib/robotarm_software/hotspot_web_stream.py\n'}
[39.580823] (robotarm_software) StdoutLine: {'line': b'-- Installing: /home/admin/robotarm/install/robotarm_software/lib/robotarm_software/start_position_velocity.py\n'}
[39.580971] (robotarm_software) StdoutLine: {'line': b'-- Installing: /home/admin/robotarm/install/robotarm_software/lib/robotarm_software/start_position_path.py\n'}
[39.581140] (robotarm_software) StdoutLine: {'line': b'-- Installing: /home/admin/robotarm/install/robotarm_software/lib/robotarm_software/hotspot_velocity.py\n'}
[39.581321] (robotarm_software) StdoutLine: {'line': b'-- Installing: /home/admin/robotarm/install/robotarm_software/lib/robotarm_software/joint_states_relay.py\n'}
[39.581492] (robotarm_software) StdoutLine: {'line': b'-- Installing: /home/admin/robotarm/install/robotarm_software/share/robotarm_software/launch\n'}
[39.581618] (robotarm_software) StdoutLine: {'line': b'-- Installing: /home/admin/robotarm/install/robotarm_software/share/robotarm_software/launch/hotspot_path_planning.launch.py\n'}
[39.582384] (robotarm_software) StdoutLine: {'line': b'-- Installing: /home/admin/robotarm/install/robotarm_software/share/robotarm_software/launch/robotarm_path_controller.launch.py\n'}
[39.583162] (robotarm_software) StdoutLine: {'line': b'-- Installing: /home/admin/robotarm/install/robotarm_software/share/robotarm_software/launch/hotspot_velocity.launch.py\n'}
[39.583614] (robotarm_software) StdoutLine: {'line': b'-- Installing: /home/admin/robotarm/install/robotarm_software/share/robotarm_software/launch/robotarm_velocity_controller.launch.py\n'}
[39.584060] (robotarm_software) StdoutLine: {'line': b'-- Installing: /home/admin/robotarm/install/robotarm_software/share/robotarm_software/launch/__pycache__\n'}
[39.584181] (robotarm_software) StdoutLine: {'line': b'-- Installing: /home/admin/robotarm/install/robotarm_software/share/robotarm_software/launch/__pycache__/robotarm_path_controller.launch.cpython-312.pyc\n'}
[39.584619] (robotarm_software) StdoutLine: {'line': b'-- Installing: /home/admin/robotarm/install/robotarm_software/share/robotarm_software/config\n'}
[39.584733] (robotarm_software) StdoutLine: {'line': b'-- Installing: /home/admin/robotarm/install/robotarm_software/share/robotarm_software/config/ros2_controllers.yaml\n'}
[39.585166] (robotarm_software) StdoutLine: {'line': b'-- Installing: /home/admin/robotarm/install/robotarm_software/share/robotarm_software/urdf\n'}
[39.585292] (robotarm_software) StdoutLine: {'line': b'-- Installing: /home/admin/robotarm/install/robotarm_software/share/robotarm_software/urdf/robotarm.urdf\n'}
[39.586206] (robotarm_software) StdoutLine: {'line': b'-- Installing: /home/admin/robotarm/install/robotarm_software/share/ament_index/resource_index/package_run_dependencies/robotarm_software\n'}
[39.586458] (robotarm_software) StdoutLine: {'line': b'-- Installing: /home/admin/robotarm/install/robotarm_software/share/ament_index/resource_index/parent_prefix_path/robotarm_software\n'}
[39.586664] (robotarm_software) StdoutLine: {'line': b'-- Installing: /home/admin/robotarm/install/robotarm_software/share/robotarm_software/environment/ament_prefix_path.sh\n'}
[39.586848] (robotarm_software) StdoutLine: {'line': b'-- Installing: /home/admin/robotarm/install/robotarm_software/share/robotarm_software/environment/ament_prefix_path.dsv\n'}
[39.587043] (robotarm_software) StdoutLine: {'line': b'-- Installing: /home/admin/robotarm/install/robotarm_software/share/robotarm_software/environment/path.sh\n'}
[39.587230] (robotarm_software) StdoutLine: {'line': b'-- Installing: /home/admin/robotarm/install/robotarm_software/share/robotarm_software/environment/path.dsv\n'}
[39.587407] (robotarm_software) StdoutLine: {'line': b'-- Installing: /home/admin/robotarm/install/robotarm_software/share/robotarm_software/local_setup.bash\n'}
[39.587584] (robotarm_software) StdoutLine: {'line': b'-- Installing: /home/admin/robotarm/install/robotarm_software/share/robotarm_software/local_setup.sh\n'}
[39.587775] (robotarm_software) StdoutLine: {'line': b'-- Installing: /home/admin/robotarm/install/robotarm_software/share/robotarm_software/local_setup.zsh\n'}
[39.587959] (robotarm_software) StdoutLine: {'line': b'-- Installing: /home/admin/robotarm/install/robotarm_software/share/robotarm_software/local_setup.dsv\n'}
[39.588135] (robotarm_software) StdoutLine: {'line': b'-- Installing: /home/admin/robotarm/install/robotarm_software/share/robotarm_software/package.dsv\n'}
[39.588374] (robotarm_software) StdoutLine: {'line': b'-- Installing: /home/admin/robotarm/install/robotarm_software/share/ament_index/resource_index/packages/robotarm_software\n'}
[39.588599] (robotarm_software) StdoutLine: {'line': b'-- Installing: /home/admin/robotarm/install/robotarm_software/share/robotarm_software/cmake/robotarm_softwareConfig.cmake\n'}
[39.588742] (robotarm_software) StdoutLine: {'line': b'-- Installing: /home/admin/robotarm/install/robotarm_software/share/robotarm_software/cmake/robotarm_softwareConfig-version.cmake\n'}
[39.588924] (robotarm_software) StdoutLine: {'line': b'-- Installing: /home/admin/robotarm/install/robotarm_software/share/robotarm_software/package.xml\n'}
[39.592233] (robotarm_software) CommandEnded: {'returncode': 0}
[39.613747] (robotarm_software) JobEnded: {'identifier': 'robotarm_software', 'rc': 0}
[39.614764] (robotarm_moveit_config) JobStarted: {'identifier': 'robotarm_moveit_config'}
[39.626448] (robotarm_moveit_config) JobProgress: {'identifier': 'robotarm_moveit_config', 'progress': 'cmake'}
[39.627995] (robotarm_moveit_config) Command: {'cmd': ['/usr/bin/cmake', '/home/admin/robotarm/ROS_WS/src/robotarm_moveit_config', '-DCMAKE_INSTALL_PREFIX=/home/admin/robotarm/install/robotarm_moveit_config'], 'cwd': '/home/admin/robotarm/build/robotarm_moveit_config', 'env': OrderedDict({'LESSOPEN': '| /usr/bin/lesspipe %s', 'USER': 'admin', 'SSH_CLIENT': '192.168.137.1 57569 22', 'GZ_CONFIG_PATH': '/opt/ros/jazzy/opt/sdformat_vendor/share/gz', 'XDG_SESSION_TYPE': 'tty', 'SHLVL': '1', 'LD_LIBRARY_PATH': '/home/admin/robotarm/install/robotarm_hardware/lib:/home/admin/robotarm/ROS_WS/install/robotarm_hardware/lib:/home/admin/robotarm/ROS_WS/install/robotarm_fake_hardware/lib:/home/admin/robotarm/ROS_WS/install/adi_4dof_ik_kinematics_plugin/lib:/opt/ros/jazzy/opt/sdformat_vendor/lib:/opt/ros/jazzy/opt/rviz_ogre_vendor/lib:/opt/ros/jazzy/lib/aarch64-linux-gnu:/opt/ros/jazzy/opt/gz_math_vendor/lib:/opt/ros/jazzy/opt/gz_utils_vendor/lib:/opt/ros/jazzy/opt/gz_tools_vendor/lib:/opt/ros/jazzy/opt/gz_cmake_vendor/lib:/opt/ros/jazzy/lib', 'HOME': '/home/admin', 'OLDPWD': '/home/admin', 'SSH_TTY': '/dev/pts/0', 'ROS_PYTHON_VERSION': '3', 'DBUS_SESSION_BUS_ADDRESS': 'unix:path=/run/user/1000/bus', 'COLCON_PREFIX_PATH': '/home/admin/robotarm/ROS_WS/install', 'ROS_DISTRO': 'jazzy', 'LOGNAME': 'admin', '_': '/usr/bin/colcon', 'ROS_VERSION': '2', 'XDG_SESSION_CLASS': 'user', 'TERM': 'xterm-256color', 'XDG_SESSION_ID': '1', 'PATH': '/opt/ros/jazzy/opt/gz_tools_vendor/bin:/opt/ros/jazzy/bin:/usr/local/sbin:/usr/local/bin:/usr/sbin:/usr/bin:/sbin:/bin:/usr/games:/usr/local/games:/snap/bin', 'XDG_RUNTIME_DIR': '/run/user/1000', 'LANG': 'en_US.UTF-8', 'LS_COLORS': 'rs=0:di=01;34:ln=01;36:mh=00:pi=40;33:so=01;35:do=01;35:bd=40;33;01:cd=40;33;01:or=40;31;01:mi=00:su=37;41:sg=30;43:ca=00:tw=30;42:ow=34;42:st=37;44:ex=01;32:*.tar=01;31:*.tgz=01;31:*.arc=01;31:*.arj=01;31:*.taz=01;31:*.lha=01;31:*.lz4=01;31:*.lzh=01;31:*.lzma=01;31:*.tlz=01;31:*.txz=01;31:*.tzo=01;31:*.t7z=01;31:*.zip=01;31:*.z=01;31:*.dz=01;31:*.gz=01;31:*.lrz=01;31:*.lz=01;31:*.lzo=01;31:*.xz=01;31:*.zst=01;31:*.tzst=01;31:*.bz2=01;31:*.bz=01;31:*.tbz=01;31:*.tbz2=01;31:*.tz=01;31:*.deb=01;31:*.rpm=01;31:*.jar=01;31:*.war=01;31:*.ear=01;31:*.sar=01;31:*.rar=01;31:*.alz=01;31:*.ace=01;31:*.zoo=01;31:*.cpio=01;31:*.7z=01;31:*.rz=01;31:*.cab=01;31:*.wim=01;31:*.swm=01;31:*.dwm=01;31:*.esd=01;31:*.avif=01;35:*.jpg=01;35:*.jpeg=01;35:*.mjpg=01;35:*.mjpeg=01;35:*.gif=01;35:*.bmp=01;35:*.pbm=01;35:*.pgm=01;35:*.ppm=01;35:*.tga=01;35:*.xbm=01;35:*.xpm=01;35:*.tif=01;35:*.tiff=01;35:*.png=01;35:*.svg=01;35:*.svgz=01;35:*.mng=01;35:*.pcx=01;35:*.mov=01;35:*.mpg=01;35:*.mpeg=01;35:*.m2v=01;35:*.mkv=01;35:*.webm=01;35:*.webp=01;35:*.ogm=01;35:*.mp4=01;35:*.m4v=01;35:*.mp4v=01;35:*.vob=01;35:*.qt=01;35:*.nuv=01;35:*.wmv=01;35:*.asf=01;35:*.rm=01;35:*.rmvb=01;35:*.flc=01;35:*.avi=01;35:*.fli=01;35:*.flv=01;35:*.gl=01;35:*.dl=01;35:*.xcf=01;35:*.xwd=01;35:*.yuv=01;35:*.cgm=01;35:*.emf=01;35:*.ogv=01;35:*.ogx=01;35:*.aac=00;36:*.au=00;36:*.flac=00;36:*.m4a=00;36:*.mid=00;36:*.midi=00;36:*.mka=00;36:*.mp3=00;36:*.mpc=00;36:*.ogg=00;36:*.ra=00;36:*.wav=00;36:*.oga=00;36:*.opus=00;36:*.spx=00;36:*.xspf=00;36:*~=00;90:*#=00;90:*.bak=00;90:*.crdownload=00;90:*.dpkg-dist=00;90:*.dpkg-new=00;90:*.dpkg-old=00;90:*.dpkg-tmp=00;90:*.old=00;90:*.orig=00;90:*.part=00;90:*.rej=00;90:*.rpmnew=00;90:*.rpmorig=00;90:*.rpmsave=00;90:*.swp=00;90:*.tmp=00;90:*.ucf-dist=00;90:*.ucf-new=00;90:*.ucf-old=00;90:', 'AMENT_PREFIX_PATH': '/home/admin/robotarm/install/robotarm_software:/home/admin/robotarm/install/robotarm_hardware:/home/admin/robotarm/ROS_WS/install/vision_tracker:/home/admin/robotarm/ROS_WS/install/robotarm_path_planning:/home/admin/robotarm/ROS_WS/install/robotarm_moveit_config:/home/admin/robotarm/ROS_WS/install/robotarm_software:/home/admin/robotarm/ROS_WS/install/robotarm_hardware:/home/admin/robotarm/ROS_WS/install/robotarm_fake_hardware:/home/admin/robotarm/ROS_WS/install/robot_moveit_config:/home/admin/robotarm/ROS_WS/install/point_motion:/home/admin/robotarm/ROS_WS/install/moveit_3dof:/home/admin/robotarm/ROS_WS/install/adi_tmcm_bb4:/home/admin/robotarm/ROS_WS/install/adi_robotarm_moveit_config:/home/admin/robotarm/ROS_WS/install/adi_robotarm:/home/admin/robotarm/ROS_WS/install/adi_4dof_ik:/home/admin/robotarm/ROS_WS/install/adi_4dof_ik_kinematics_plugin:/home/admin/robotarm/ROS_WS/install/adi_4dof_endeffector_xyz:/opt/ros/jazzy', 'SHELL': '/bin/bash', 'LESSCLOSE': '/usr/bin/lesspipe %s %s', 'ROS_AUTOMATIC_DISCOVERY_RANGE': 'SUBNET', 'PWD': '/home/admin/robotarm/build/robotarm_moveit_config', 'LC_ALL': 'en_US.UTF-8', 'SSH_CONNECTION': '192.168.137.1 57569 192.168.137.2 22', 'XDG_DATA_DIRS': '/usr/local/share:/usr/share:/var/lib/snapd/desktop', 'PYTHONPATH': '/home/admin/robotarm/install/robotarm_software/lib/python3.12/site-packages:/home/admin/robotarm/ROS_WS/install/vision_tracker/lib/python3.12/site-packages:/home/admin/robotarm/ROS_WS/install/robotarm_software/lib/python3.12/site-packages:/opt/ros/jazzy/lib/python3.12/site-packages', 'COLCON': '1', 'CMAKE_PREFIX_PATH': '/home/admin/robotarm/install/robotarm_software:/home/admin/robotarm/install/robotarm_hardware:/home/admin/robotarm/ROS_WS/install/robotarm_path_planning:/home/admin/robotarm/ROS_WS/install/robotarm_moveit_config:/home/admin/robotarm/ROS_WS/install/robotarm_software:/home/admin/robotarm/ROS_WS/install/robotarm_hardware:/home/admin/robotarm/ROS_WS/install/robotarm_fake_hardware:/home/admin/robotarm/ROS_WS/install/robot_moveit_config:/home/admin/robotarm/ROS_WS/install/point_motion:/home/admin/robotarm/ROS_WS/install/moveit_3dof:/home/admin/robotarm/ROS_WS/install/adi_tmcm_bb4:/home/admin/robotarm/ROS_WS/install/adi_robotarm_moveit_config:/home/admin/robotarm/ROS_WS/install/adi_robotarm:/home/admin/robotarm/ROS_WS/install/adi_4dof_ik:/home/admin/robotarm/ROS_WS/install/adi_4dof_ik_kinematics_plugin:/home/admin/robotarm/ROS_WS/install/adi_4dof_endeffector_xyz:/opt/ros/jazzy/opt/sdformat_vendor:/opt/ros/jazzy/opt/gz_math_vendor:/opt/ros/jazzy/opt/gz_utils_vendor:/opt/ros/jazzy/opt/gz_tools_vendor:/opt/ros/jazzy/opt/gz_cmake_vendor:/home/admin/robotarm/ROS_WS/install/vision_tracker:/opt/ros/jazzy'}), 'shell': False}
[39.631593] (-) TimerEvent: {}
[39.730831] (robotarm_moveit_config) StdoutLine: {'line': b'-- The C compiler identification is GNU 13.3.0\n'}
[39.731667] (-) TimerEvent: {}
[39.829418] (robotarm_moveit_config) StdoutLine: {'line': b'-- The CXX compiler identification is GNU 13.3.0\n'}
[39.831755] (-) TimerEvent: {}
[39.857300] (robotarm_moveit_config) StdoutLine: {'line': b'-- Detecting C compiler ABI info\n'}
[39.931957] (-) TimerEvent: {}
[40.016445] (robotarm_moveit_config) StdoutLine: {'line': b'-- Detecting C compiler ABI info - done\n'}
[40.032020] (-) TimerEvent: {}
[40.032357] (robotarm_moveit_config) StdoutLine: {'line': b'-- Check for working C compiler: /usr/bin/cc - skipped\n'}
[40.032732] (robotarm_moveit_config) StdoutLine: {'line': b'-- Detecting C compile features\n'}
[40.033290] (robotarm_moveit_config) StdoutLine: {'line': b'-- Detecting C compile features - done\n'}
[40.047241] (robotarm_moveit_config) StdoutLine: {'line': b'-- Detecting CXX compiler ABI info\n'}
[40.132163] (-) TimerEvent: {}
[40.222280] (robotarm_moveit_config) StdoutLine: {'line': b'-- Detecting CXX compiler ABI info - done\n'}
[40.232232] (-) TimerEvent: {}
[40.238935] (robotarm_moveit_config) StdoutLine: {'line': b'-- Check for working CXX compiler: /usr/bin/c++ - skipped\n'}
[40.239336] (robotarm_moveit_config) StdoutLine: {'line': b'-- Detecting CXX compile features\n'}
[40.240024] (robotarm_moveit_config) StdoutLine: {'line': b'-- Detecting CXX compile features - done\n'}
[40.246249] (robotarm_moveit_config) StdoutLine: {'line': b'-- Found ament_cmake: 2.5.6 (/opt/ros/jazzy/share/ament_cmake/cmake)\n'}
[40.332317] (-) TimerEvent: {}
[40.432621] (-) TimerEvent: {}
[40.487132] (robotarm_moveit_config) StdoutLine: {'line': b'-- Found Python3: /usr/bin/python3 (found version "3.12.3") found components: Interpreter \n'}
[40.532723] (-) TimerEvent: {}
[40.633052] (-) TimerEvent: {}
[40.733336] (-) TimerEvent: {}
[40.824929] (robotarm_moveit_config) StdoutLine: {'line': b'-- Configuring done (1.2s)\n'}
[40.829345] (robotarm_moveit_config) StdoutLine: {'line': b'-- Generating done (0.0s)\n'}
[40.832298] (robotarm_moveit_config) StdoutLine: {'line': b'-- Build files have been written to: /home/admin/robotarm/build/robotarm_moveit_config\n'}
[40.833402] (-) TimerEvent: {}
[40.841138] (robotarm_moveit_config) CommandEnded: {'returncode': 0}
[40.841762] (robotarm_moveit_config) JobProgress: {'identifier': 'robotarm_moveit_config', 'progress': 'build'}
[40.842846] (robotarm_moveit_config) Command: {'cmd': ['/usr/bin/cmake', '--build', '/home/admin/robotarm/build/robotarm_moveit_config', '--', '-j4', '-l4'], 'cwd': '/home/admin/robotarm/build/robotarm_moveit_config', 'env': OrderedDict({'LESSOPEN': '| /usr/bin/lesspipe %s', 'USER': 'admin', 'SSH_CLIENT': '192.168.137.1 57569 22', 'GZ_CONFIG_PATH': '/opt/ros/jazzy/opt/sdformat_vendor/share/gz', 'XDG_SESSION_TYPE': 'tty', 'SHLVL': '1', 'LD_LIBRARY_PATH': '/home/admin/robotarm/install/robotarm_hardware/lib:/home/admin/robotarm/ROS_WS/install/robotarm_hardware/lib:/home/admin/robotarm/ROS_WS/install/robotarm_fake_hardware/lib:/home/admin/robotarm/ROS_WS/install/adi_4dof_ik_kinematics_plugin/lib:/opt/ros/jazzy/opt/sdformat_vendor/lib:/opt/ros/jazzy/opt/rviz_ogre_vendor/lib:/opt/ros/jazzy/lib/aarch64-linux-gnu:/opt/ros/jazzy/opt/gz_math_vendor/lib:/opt/ros/jazzy/opt/gz_utils_vendor/lib:/opt/ros/jazzy/opt/gz_tools_vendor/lib:/opt/ros/jazzy/opt/gz_cmake_vendor/lib:/opt/ros/jazzy/lib', 'HOME': '/home/admin', 'OLDPWD': '/home/admin', 'SSH_TTY': '/dev/pts/0', 'ROS_PYTHON_VERSION': '3', 'DBUS_SESSION_BUS_ADDRESS': 'unix:path=/run/user/1000/bus', 'COLCON_PREFIX_PATH': '/home/admin/robotarm/ROS_WS/install', 'ROS_DISTRO': 'jazzy', 'LOGNAME': 'admin', '_': '/usr/bin/colcon', 'ROS_VERSION': '2', 'XDG_SESSION_CLASS': 'user', 'TERM': 'xterm-256color', 'XDG_SESSION_ID': '1', 'PATH': '/opt/ros/jazzy/opt/gz_tools_vendor/bin:/opt/ros/jazzy/bin:/usr/local/sbin:/usr/local/bin:/usr/sbin:/usr/bin:/sbin:/bin:/usr/games:/usr/local/games:/snap/bin', 'XDG_RUNTIME_DIR': '/run/user/1000', 'LANG': 'en_US.UTF-8', 'LS_COLORS': 'rs=0:di=01;34:ln=01;36:mh=00:pi=40;33:so=01;35:do=01;35:bd=40;33;01:cd=40;33;01:or=40;31;01:mi=00:su=37;41:sg=30;43:ca=00:tw=30;42:ow=34;42:st=37;44:ex=01;32:*.tar=01;31:*.tgz=01;31:*.arc=01;31:*.arj=01;31:*.taz=01;31:*.lha=01;31:*.lz4=01;31:*.lzh=01;31:*.lzma=01;31:*.tlz=01;31:*.txz=01;31:*.tzo=01;31:*.t7z=01;31:*.zip=01;31:*.z=01;31:*.dz=01;31:*.gz=01;31:*.lrz=01;31:*.lz=01;31:*.lzo=01;31:*.xz=01;31:*.zst=01;31:*.tzst=01;31:*.bz2=01;31:*.bz=01;31:*.tbz=01;31:*.tbz2=01;31:*.tz=01;31:*.deb=01;31:*.rpm=01;31:*.jar=01;31:*.war=01;31:*.ear=01;31:*.sar=01;31:*.rar=01;31:*.alz=01;31:*.ace=01;31:*.zoo=01;31:*.cpio=01;31:*.7z=01;31:*.rz=01;31:*.cab=01;31:*.wim=01;31:*.swm=01;31:*.dwm=01;31:*.esd=01;31:*.avif=01;35:*.jpg=01;35:*.jpeg=01;35:*.mjpg=01;35:*.mjpeg=01;35:*.gif=01;35:*.bmp=01;35:*.pbm=01;35:*.pgm=01;35:*.ppm=01;35:*.tga=01;35:*.xbm=01;35:*.xpm=01;35:*.tif=01;35:*.tiff=01;35:*.png=01;35:*.svg=01;35:*.svgz=01;35:*.mng=01;35:*.pcx=01;35:*.mov=01;35:*.mpg=01;35:*.mpeg=01;35:*.m2v=01;35:*.mkv=01;35:*.webm=01;35:*.webp=01;35:*.ogm=01;35:*.mp4=01;35:*.m4v=01;35:*.mp4v=01;35:*.vob=01;35:*.qt=01;35:*.nuv=01;35:*.wmv=01;35:*.asf=01;35:*.rm=01;35:*.rmvb=01;35:*.flc=01;35:*.avi=01;35:*.fli=01;35:*.flv=01;35:*.gl=01;35:*.dl=01;35:*.xcf=01;35:*.xwd=01;35:*.yuv=01;35:*.cgm=01;35:*.emf=01;35:*.ogv=01;35:*.ogx=01;35:*.aac=00;36:*.au=00;36:*.flac=00;36:*.m4a=00;36:*.mid=00;36:*.midi=00;36:*.mka=00;36:*.mp3=00;36:*.mpc=00;36:*.ogg=00;36:*.ra=00;36:*.wav=00;36:*.oga=00;36:*.opus=00;36:*.spx=00;36:*.xspf=00;36:*~=00;90:*#=00;90:*.bak=00;90:*.crdownload=00;90:*.dpkg-dist=00;90:*.dpkg-new=00;90:*.dpkg-old=00;90:*.dpkg-tmp=00;90:*.old=00;90:*.orig=00;90:*.part=00;90:*.rej=00;90:*.rpmnew=00;90:*.rpmorig=00;90:*.rpmsave=00;90:*.swp=00;90:*.tmp=00;90:*.ucf-dist=00;90:*.ucf-new=00;90:*.ucf-old=00;90:', 'AMENT_PREFIX_PATH': '/home/admin/robotarm/install/robotarm_software:/home/admin/robotarm/install/robotarm_hardware:/home/admin/robotarm/ROS_WS/install/vision_tracker:/home/admin/robotarm/ROS_WS/install/robotarm_path_planning:/home/admin/robotarm/ROS_WS/install/robotarm_moveit_config:/home/admin/robotarm/ROS_WS/install/robotarm_software:/home/admin/robotarm/ROS_WS/install/robotarm_hardware:/home/admin/robotarm/ROS_WS/install/robotarm_fake_hardware:/home/admin/robotarm/ROS_WS/install/robot_moveit_config:/home/admin/robotarm/ROS_WS/install/point_motion:/home/admin/robotarm/ROS_WS/install/moveit_3dof:/home/admin/robotarm/ROS_WS/install/adi_tmcm_bb4:/home/admin/robotarm/ROS_WS/install/adi_robotarm_moveit_config:/home/admin/robotarm/ROS_WS/install/adi_robotarm:/home/admin/robotarm/ROS_WS/install/adi_4dof_ik:/home/admin/robotarm/ROS_WS/install/adi_4dof_ik_kinematics_plugin:/home/admin/robotarm/ROS_WS/install/adi_4dof_endeffector_xyz:/opt/ros/jazzy', 'SHELL': '/bin/bash', 'LESSCLOSE': '/usr/bin/lesspipe %s %s', 'ROS_AUTOMATIC_DISCOVERY_RANGE': 'SUBNET', 'PWD': '/home/admin/robotarm/build/robotarm_moveit_config', 'LC_ALL': 'en_US.UTF-8', 'SSH_CONNECTION': '192.168.137.1 57569 192.168.137.2 22', 'XDG_DATA_DIRS': '/usr/local/share:/usr/share:/var/lib/snapd/desktop', 'PYTHONPATH': '/home/admin/robotarm/install/robotarm_software/lib/python3.12/site-packages:/home/admin/robotarm/ROS_WS/install/vision_tracker/lib/python3.12/site-packages:/home/admin/robotarm/ROS_WS/install/robotarm_software/lib/python3.12/site-packages:/opt/ros/jazzy/lib/python3.12/site-packages', 'COLCON': '1', 'CMAKE_PREFIX_PATH': '/home/admin/robotarm/install/robotarm_software:/home/admin/robotarm/install/robotarm_hardware:/home/admin/robotarm/ROS_WS/install/robotarm_path_planning:/home/admin/robotarm/ROS_WS/install/robotarm_moveit_config:/home/admin/robotarm/ROS_WS/install/robotarm_software:/home/admin/robotarm/ROS_WS/install/robotarm_hardware:/home/admin/robotarm/ROS_WS/install/robotarm_fake_hardware:/home/admin/robotarm/ROS_WS/install/robot_moveit_config:/home/admin/robotarm/ROS_WS/install/point_motion:/home/admin/robotarm/ROS_WS/install/moveit_3dof:/home/admin/robotarm/ROS_WS/install/adi_tmcm_bb4:/home/admin/robotarm/ROS_WS/install/adi_robotarm_moveit_config:/home/admin/robotarm/ROS_WS/install/adi_robotarm:/home/admin/robotarm/ROS_WS/install/adi_4dof_ik:/home/admin/robotarm/ROS_WS/install/adi_4dof_ik_kinematics_plugin:/home/admin/robotarm/ROS_WS/install/adi_4dof_endeffector_xyz:/opt/ros/jazzy/opt/sdformat_vendor:/opt/ros/jazzy/opt/gz_math_vendor:/opt/ros/jazzy/opt/gz_utils_vendor:/opt/ros/jazzy/opt/gz_tools_vendor:/opt/ros/jazzy/opt/gz_cmake_vendor:/home/admin/robotarm/ROS_WS/install/vision_tracker:/opt/ros/jazzy'}), 'shell': False}
[40.912395] (robotarm_moveit_config) CommandEnded: {'returncode': 0}
[40.913151] (robotarm_moveit_config) JobProgress: {'identifier': 'robotarm_moveit_config', 'progress': 'install'}
[40.913388] (robotarm_moveit_config) Command: {'cmd': ['/usr/bin/cmake', '--install', '/home/admin/robotarm/build/robotarm_moveit_config'], 'cwd': '/home/admin/robotarm/build/robotarm_moveit_config', 'env': OrderedDict({'LESSOPEN': '| /usr/bin/lesspipe %s', 'USER': 'admin', 'SSH_CLIENT': '192.168.137.1 57569 22', 'GZ_CONFIG_PATH': '/opt/ros/jazzy/opt/sdformat_vendor/share/gz', 'XDG_SESSION_TYPE': 'tty', 'SHLVL': '1', 'LD_LIBRARY_PATH': '/home/admin/robotarm/install/robotarm_hardware/lib:/home/admin/robotarm/ROS_WS/install/robotarm_hardware/lib:/home/admin/robotarm/ROS_WS/install/robotarm_fake_hardware/lib:/home/admin/robotarm/ROS_WS/install/adi_4dof_ik_kinematics_plugin/lib:/opt/ros/jazzy/opt/sdformat_vendor/lib:/opt/ros/jazzy/opt/rviz_ogre_vendor/lib:/opt/ros/jazzy/lib/aarch64-linux-gnu:/opt/ros/jazzy/opt/gz_math_vendor/lib:/opt/ros/jazzy/opt/gz_utils_vendor/lib:/opt/ros/jazzy/opt/gz_tools_vendor/lib:/opt/ros/jazzy/opt/gz_cmake_vendor/lib:/opt/ros/jazzy/lib', 'HOME': '/home/admin', 'OLDPWD': '/home/admin', 'SSH_TTY': '/dev/pts/0', 'ROS_PYTHON_VERSION': '3', 'DBUS_SESSION_BUS_ADDRESS': 'unix:path=/run/user/1000/bus', 'COLCON_PREFIX_PATH': '/home/admin/robotarm/ROS_WS/install', 'ROS_DISTRO': 'jazzy', 'LOGNAME': 'admin', '_': '/usr/bin/colcon', 'ROS_VERSION': '2', 'XDG_SESSION_CLASS': 'user', 'TERM': 'xterm-256color', 'XDG_SESSION_ID': '1', 'PATH': '/opt/ros/jazzy/opt/gz_tools_vendor/bin:/opt/ros/jazzy/bin:/usr/local/sbin:/usr/local/bin:/usr/sbin:/usr/bin:/sbin:/bin:/usr/games:/usr/local/games:/snap/bin', 'XDG_RUNTIME_DIR': '/run/user/1000', 'LANG': 'en_US.UTF-8', 'LS_COLORS': 'rs=0:di=01;34:ln=01;36:mh=00:pi=40;33:so=01;35:do=01;35:bd=40;33;01:cd=40;33;01:or=40;31;01:mi=00:su=37;41:sg=30;43:ca=00:tw=30;42:ow=34;42:st=37;44:ex=01;32:*.tar=01;31:*.tgz=01;31:*.arc=01;31:*.arj=01;31:*.taz=01;31:*.lha=01;31:*.lz4=01;31:*.lzh=01;31:*.lzma=01;31:*.tlz=01;31:*.txz=01;31:*.tzo=01;31:*.t7z=01;31:*.zip=01;31:*.z=01;31:*.dz=01;31:*.gz=01;31:*.lrz=01;31:*.lz=01;31:*.lzo=01;31:*.xz=01;31:*.zst=01;31:*.tzst=01;31:*.bz2=01;31:*.bz=01;31:*.tbz=01;31:*.tbz2=01;31:*.tz=01;31:*.deb=01;31:*.rpm=01;31:*.jar=01;31:*.war=01;31:*.ear=01;31:*.sar=01;31:*.rar=01;31:*.alz=01;31:*.ace=01;31:*.zoo=01;31:*.cpio=01;31:*.7z=01;31:*.rz=01;31:*.cab=01;31:*.wim=01;31:*.swm=01;31:*.dwm=01;31:*.esd=01;31:*.avif=01;35:*.jpg=01;35:*.jpeg=01;35:*.mjpg=01;35:*.mjpeg=01;35:*.gif=01;35:*.bmp=01;35:*.pbm=01;35:*.pgm=01;35:*.ppm=01;35:*.tga=01;35:*.xbm=01;35:*.xpm=01;35:*.tif=01;35:*.tiff=01;35:*.png=01;35:*.svg=01;35:*.svgz=01;35:*.mng=01;35:*.pcx=01;35:*.mov=01;35:*.mpg=01;35:*.mpeg=01;35:*.m2v=01;35:*.mkv=01;35:*.webm=01;35:*.webp=01;35:*.ogm=01;35:*.mp4=01;35:*.m4v=01;35:*.mp4v=01;35:*.vob=01;35:*.qt=01;35:*.nuv=01;35:*.wmv=01;35:*.asf=01;35:*.rm=01;35:*.rmvb=01;35:*.flc=01;35:*.avi=01;35:*.fli=01;35:*.flv=01;35:*.gl=01;35:*.dl=01;35:*.xcf=01;35:*.xwd=01;35:*.yuv=01;35:*.cgm=01;35:*.emf=01;35:*.ogv=01;35:*.ogx=01;35:*.aac=00;36:*.au=00;36:*.flac=00;36:*.m4a=00;36:*.mid=00;36:*.midi=00;36:*.mka=00;36:*.mp3=00;36:*.mpc=00;36:*.ogg=00;36:*.ra=00;36:*.wav=00;36:*.oga=00;36:*.opus=00;36:*.spx=00;36:*.xspf=00;36:*~=00;90:*#=00;90:*.bak=00;90:*.crdownload=00;90:*.dpkg-dist=00;90:*.dpkg-new=00;90:*.dpkg-old=00;90:*.dpkg-tmp=00;90:*.old=00;90:*.orig=00;90:*.part=00;90:*.rej=00;90:*.rpmnew=00;90:*.rpmorig=00;90:*.rpmsave=00;90:*.swp=00;90:*.tmp=00;90:*.ucf-dist=00;90:*.ucf-new=00;90:*.ucf-old=00;90:', 'AMENT_PREFIX_PATH': '/home/admin/robotarm/install/robotarm_software:/home/admin/robotarm/install/robotarm_hardware:/home/admin/robotarm/ROS_WS/install/vision_tracker:/home/admin/robotarm/ROS_WS/install/robotarm_path_planning:/home/admin/robotarm/ROS_WS/install/robotarm_moveit_config:/home/admin/robotarm/ROS_WS/install/robotarm_software:/home/admin/robotarm/ROS_WS/install/robotarm_hardware:/home/admin/robotarm/ROS_WS/install/robotarm_fake_hardware:/home/admin/robotarm/ROS_WS/install/robot_moveit_config:/home/admin/robotarm/ROS_WS/install/point_motion:/home/admin/robotarm/ROS_WS/install/moveit_3dof:/home/admin/robotarm/ROS_WS/install/adi_tmcm_bb4:/home/admin/robotarm/ROS_WS/install/adi_robotarm_moveit_config:/home/admin/robotarm/ROS_WS/install/adi_robotarm:/home/admin/robotarm/ROS_WS/install/adi_4dof_ik:/home/admin/robotarm/ROS_WS/install/adi_4dof_ik_kinematics_plugin:/home/admin/robotarm/ROS_WS/install/adi_4dof_endeffector_xyz:/opt/ros/jazzy', 'SHELL': '/bin/bash', 'LESSCLOSE': '/usr/bin/lesspipe %s %s', 'ROS_AUTOMATIC_DISCOVERY_RANGE': 'SUBNET', 'PWD': '/home/admin/robotarm/build/robotarm_moveit_config', 'LC_ALL': 'en_US.UTF-8', 'SSH_CONNECTION': '192.168.137.1 57569 192.168.137.2 22', 'XDG_DATA_DIRS': '/usr/local/share:/usr/share:/var/lib/snapd/desktop', 'PYTHONPATH': '/home/admin/robotarm/install/robotarm_software/lib/python3.12/site-packages:/home/admin/robotarm/ROS_WS/install/vision_tracker/lib/python3.12/site-packages:/home/admin/robotarm/ROS_WS/install/robotarm_software/lib/python3.12/site-packages:/opt/ros/jazzy/lib/python3.12/site-packages', 'COLCON': '1', 'CMAKE_PREFIX_PATH': '/home/admin/robotarm/install/robotarm_software:/home/admin/robotarm/install/robotarm_hardware:/home/admin/robotarm/ROS_WS/install/robotarm_path_planning:/home/admin/robotarm/ROS_WS/install/robotarm_moveit_config:/home/admin/robotarm/ROS_WS/install/robotarm_software:/home/admin/robotarm/ROS_WS/install/robotarm_hardware:/home/admin/robotarm/ROS_WS/install/robotarm_fake_hardware:/home/admin/robotarm/ROS_WS/install/robot_moveit_config:/home/admin/robotarm/ROS_WS/install/point_motion:/home/admin/robotarm/ROS_WS/install/moveit_3dof:/home/admin/robotarm/ROS_WS/install/adi_tmcm_bb4:/home/admin/robotarm/ROS_WS/install/adi_robotarm_moveit_config:/home/admin/robotarm/ROS_WS/install/adi_robotarm:/home/admin/robotarm/ROS_WS/install/adi_4dof_ik:/home/admin/robotarm/ROS_WS/install/adi_4dof_ik_kinematics_plugin:/home/admin/robotarm/ROS_WS/install/adi_4dof_endeffector_xyz:/opt/ros/jazzy/opt/sdformat_vendor:/opt/ros/jazzy/opt/gz_math_vendor:/opt/ros/jazzy/opt/gz_utils_vendor:/opt/ros/jazzy/opt/gz_tools_vendor:/opt/ros/jazzy/opt/gz_cmake_vendor:/home/admin/robotarm/ROS_WS/install/vision_tracker:/opt/ros/jazzy'}), 'shell': False}
[40.928733] (robotarm_moveit_config) StdoutLine: {'line': b'-- Install configuration: ""\n'}
[40.929049] (robotarm_moveit_config) StdoutLine: {'line': b'-- Installing: /home/admin/robotarm/install/robotarm_moveit_config/share/ament_index/resource_index/package_run_dependencies/robotarm_moveit_config\n'}
[40.929372] (robotarm_moveit_config) StdoutLine: {'line': b'-- Installing: /home/admin/robotarm/install/robotarm_moveit_config/share/ament_index/resource_index/parent_prefix_path/robotarm_moveit_config\n'}
[40.929643] (robotarm_moveit_config) StdoutLine: {'line': b'-- Installing: /home/admin/robotarm/install/robotarm_moveit_config/share/robotarm_moveit_config/environment/ament_prefix_path.sh\n'}
[40.929817] (robotarm_moveit_config) StdoutLine: {'line': b'-- Installing: /home/admin/robotarm/install/robotarm_moveit_config/share/robotarm_moveit_config/environment/ament_prefix_path.dsv\n'}
[40.930022] (robotarm_moveit_config) StdoutLine: {'line': b'-- Installing: /home/admin/robotarm/install/robotarm_moveit_config/share/robotarm_moveit_config/environment/path.sh\n'}
[40.930181] (robotarm_moveit_config) StdoutLine: {'line': b'-- Installing: /home/admin/robotarm/install/robotarm_moveit_config/share/robotarm_moveit_config/environment/path.dsv\n'}
[40.930355] (robotarm_moveit_config) StdoutLine: {'line': b'-- Installing: /home/admin/robotarm/install/robotarm_moveit_config/share/robotarm_moveit_config/local_setup.bash\n'}
[40.930513] (robotarm_moveit_config) StdoutLine: {'line': b'-- Installing: /home/admin/robotarm/install/robotarm_moveit_config/share/robotarm_moveit_config/local_setup.sh\n'}
[40.930728] (robotarm_moveit_config) StdoutLine: {'line': b'-- Installing: /home/admin/robotarm/install/robotarm_moveit_config/share/robotarm_moveit_config/local_setup.zsh\n'}
[40.930900] (robotarm_moveit_config) StdoutLine: {'line': b'-- Installing: /home/admin/robotarm/install/robotarm_moveit_config/share/robotarm_moveit_config/local_setup.dsv\n'}
[40.931065] (robotarm_moveit_config) StdoutLine: {'line': b'-- Installing: /home/admin/robotarm/install/robotarm_moveit_config/share/robotarm_moveit_config/package.dsv\n'}
[40.931287] (robotarm_moveit_config) StdoutLine: {'line': b'-- Installing: /home/admin/robotarm/install/robotarm_moveit_config/share/ament_index/resource_index/packages/robotarm_moveit_config\n'}
[40.931515] (robotarm_moveit_config) StdoutLine: {'line': b'-- Installing: /home/admin/robotarm/install/robotarm_moveit_config/share/robotarm_moveit_config/cmake/robotarm_moveit_configConfig.cmake\n'}
[40.931652] (robotarm_moveit_config) StdoutLine: {'line': b'-- Installing: /home/admin/robotarm/install/robotarm_moveit_config/share/robotarm_moveit_config/cmake/robotarm_moveit_configConfig-version.cmake\n'}
[40.931807] (robotarm_moveit_config) StdoutLine: {'line': b'-- Installing: /home/admin/robotarm/install/robotarm_moveit_config/share/robotarm_moveit_config/package.xml\n'}
[40.931987] (robotarm_moveit_config) StdoutLine: {'line': b'-- Installing: /home/admin/robotarm/install/robotarm_moveit_config/share/robotarm_moveit_config/launch\n'}
[40.932690] (robotarm_moveit_config) StdoutLine: {'line': b'-- Installing: /home/admin/robotarm/install/robotarm_moveit_config/share/robotarm_moveit_config/launch/move_group.launch.py\n'}
[40.933129] (robotarm_moveit_config) StdoutLine: {'line': b'-- Installing: /home/admin/robotarm/install/robotarm_moveit_config/share/robotarm_moveit_config/launch/spawn_controllers.launch.py\n'}
[40.933466] (-) TimerEvent: {}
[40.933594] (robotarm_moveit_config) StdoutLine: {'line': b'-- Installing: /home/admin/robotarm/install/robotarm_moveit_config/share/robotarm_moveit_config/launch/static_virtual_joint_tfs.launch.py\n'}
[40.933991] (robotarm_moveit_config) StdoutLine: {'line': b'-- Installing: /home/admin/robotarm/install/robotarm_moveit_config/share/robotarm_moveit_config/launch/demo.launch.py\n'}
[40.934411] (robotarm_moveit_config) StdoutLine: {'line': b'-- Installing: /home/admin/robotarm/install/robotarm_moveit_config/share/robotarm_moveit_config/launch/setup_assistant.launch.py\n'}
[40.934831] (robotarm_moveit_config) StdoutLine: {'line': b'-- Installing: /home/admin/robotarm/install/robotarm_moveit_config/share/robotarm_moveit_config/launch/rsp.launch.py\n'}
[40.935273] (robotarm_moveit_config) StdoutLine: {'line': b'-- Installing: /home/admin/robotarm/install/robotarm_moveit_config/share/robotarm_moveit_config/launch/warehouse_db.launch.py\n'}
[40.935686] (robotarm_moveit_config) StdoutLine: {'line': b'-- Installing: /home/admin/robotarm/install/robotarm_moveit_config/share/robotarm_moveit_config/launch/moveit_rviz.launch.py\n'}
[40.936150] (robotarm_moveit_config) StdoutLine: {'line': b'-- Installing: /home/admin/robotarm/install/robotarm_moveit_config/share/robotarm_moveit_config/config\n'}
[40.936546] (robotarm_moveit_config) StdoutLine: {'line': b'-- Installing: /home/admin/robotarm/install/robotarm_moveit_config/share/robotarm_moveit_config/config/joint_limits.yaml\n'}
[40.936973] (robotarm_moveit_config) StdoutLine: {'line': b'-- Installing: /home/admin/robotarm/install/robotarm_moveit_config/share/robotarm_moveit_config/config/initial_positions.yaml\n'}
[40.937390] (robotarm_moveit_config) StdoutLine: {'line': b'-- Installing: /home/admin/robotarm/install/robotarm_moveit_config/share/robotarm_moveit_config/config/ros2_controllers.yaml\n'}
[40.937819] (robotarm_moveit_config) StdoutLine: {'line': b'-- Installing: /home/admin/robotarm/install/robotarm_moveit_config/share/robotarm_moveit_config/config/robotarm.ros2_control.xacro\n'}
[40.938289] (robotarm_moveit_config) StdoutLine: {'line': b'-- Installing: /home/admin/robotarm/install/robotarm_moveit_config/share/robotarm_moveit_config/config/moveit_controllers.yaml\n'}
[40.938861] (robotarm_moveit_config) StdoutLine: {'line': b'-- Installing: /home/admin/robotarm/install/robotarm_moveit_config/share/robotarm_moveit_config/config/pilz_cartesian_limits.yaml\n'}
[40.939282] (robotarm_moveit_config) StdoutLine: {'line': b'-- Installing: /home/admin/robotarm/install/robotarm_moveit_config/share/robotarm_moveit_config/config/moveit.rviz\n'}
[40.939702] (robotarm_moveit_config) StdoutLine: {'line': b'-- Installing: /home/admin/robotarm/install/robotarm_moveit_config/share/robotarm_moveit_config/config/kinematics.yaml\n'}
[40.941565] (robotarm_moveit_config) StdoutLine: {'line': b'-- Installing: /home/admin/robotarm/install/robotarm_moveit_config/share/robotarm_moveit_config/config/robotarm.srdf\n'}
[40.943948] (robotarm_moveit_config) StdoutLine: {'line': b'-- Installing: /home/admin/robotarm/install/robotarm_moveit_config/share/robotarm_moveit_config/config/robotarm.urdf.xacro\n'}
[40.944447] (robotarm_moveit_config) StdoutLine: {'line': b'-- Installing: /home/admin/robotarm/install/robotarm_moveit_config/share/robotarm_moveit_config/.setup_assistant\n'}
[40.947906] (robotarm_moveit_config) CommandEnded: {'returncode': 0}
[40.967823] (robotarm_moveit_config) JobEnded: {'identifier': 'robotarm_moveit_config', 'rc': 0}
[40.968772] (-) EventReactorShutdown: {}
